account_name,broker_name,exchange,symbol,company_name,isin,transaction_type,trade_date,quantity,price,charges,notes
Sesha,icicidirect,NSE,ADAPOW,ADANI POWER LIMITED,INE814H01029,BUY,2024-09-04,155,130.34,60.41,"Imported from broker transaction history (icicidirect), segment TT, STT Paid"
Sesha,icicidirect,NSE,ADAPOW,ADANI POWER LIMITED,INE814H01029,BUY,2024-09-04,50,130.34,19.49,"Imported from broker transaction history (icicidirect), segment TT, STT Paid"
Sesha,icicidirect,NSE,ADAPOW,ADANI POWER LIMITED,INE814H01029,BUY,2024-09-04,15,130.34,5.85,"Imported from broker transaction history (icicidirect), segment TT, STT Paid"
Sesha,icicidirect,NSE,ADAPOW,ADANI POWER LIMITED,INE814H01029,BUY,2024-09-04,75,130.35,29.23,"Imported from broker transaction history (icicidirect), segment TT, STT Paid"
Sesha,icicidirect,NSE,ADAPOW,ADANI POWER LIMITED,INE814H01029,BUY,2024-09-04,295,130.35,114.99,"Imported from broker transaction history (icicidirect), segment TT, STT Paid"
Sesha,icicidirect,NSE,ADAPOW,ADANI POWER LIMITED,INE814H01029,BUY,2024-09-04,610,130.34,267.09,"Imported from broker transaction history (icicidirect), segment TT, STT Paid"
Sesha,icicidirect,NSE,ADAPOW,ADANI POWER LIMITED,INE814H01029,BUY,2024-09-04,30,130.34,11.69,"Imported from broker transaction history (icicidirect), segment TT, STT Paid"
Sesha,icicidirect,NSE,ADAPOW,ADANI POWER LIMITED,INE814H01029,BUY,2024-09-04,270,130.34,105.23,"Imported from broker transaction history (icicidirect), segment TT, STT Paid"
Sesha,icicidirect,NSE,BURKIN,RESTAURANT BRANDS ASIA LIMITED,INE07T201019,BUY,2023-08-01,450,116.00,164.28,"Imported from broker transaction history (icicidirect), segment TT, STT Paid"
Sesha,icicidirect,NSE,COALIN,COAL INDIA LIMITED,INE522F01014,BUY,2025-02-27,140,359.00,158.14,"Imported from broker transaction history (icicidirect), segment TT, STT Paid"
Sesha,icicidirect,NSE,DHABIO,DHAMPUR BIO ORGANICS LIMITED,INE0I3401014,BUY,2024-09-04,500,142.87,243.62,"Imported from broker transaction history (icicidirect), segment TT, STT Paid"
Sesha,icicidirect,NSE,DHABIO,DHAMPUR BIO ORGANICS LIMITED,INE0I3401014,BUY,2024-09-04,425,142.87,181.58,"Imported from broker transaction history (icicidirect), segment TT, STT Paid"
Sesha,icicidirect,NSE,DHABIO,DHAMPUR BIO ORGANICS LIMITED,INE0I3401014,BUY,2024-09-04,475,142.87,202.93,"Imported from broker transaction history (icicidirect), segment TT, STT Paid"
Sesha,icicidirect,BSE,DHABIO,DHAMPUR BIO ORGANICS LIMITED,INE0I3401014,BUY,2025-02-25,136,69.54,28.33,"Imported from broker transaction history (icicidirect), segment TT, STT Paid"
Sesha,icicidirect,BSE,DHABIO,DHAMPUR BIO ORGANICS LIMITED,INE0I3401014,BUY,2025-02-25,11,69.56,2.29,"Imported from broker transaction history (icicidirect), segment TT, STT Paid"
Sesha,icicidirect,BSE,DHABIO,DHAMPUR BIO ORGANICS LIMITED,INE0I3401014,BUY,2025-02-25,44,69.53,9.17,"Imported from broker transaction history (icicidirect), segment TT, STT Paid"
Sesha,icicidirect,BSE,DHABIO,DHAMPUR BIO ORGANICS LIMITED,INE0I3401014,BUY,2025-02-25,205,69.58,50.03,"Imported from broker transaction history (icicidirect), segment TT, STT Paid"
Sesha,icicidirect,BSE,DHABIO,DHAMPUR BIO ORGANICS LIMITED,INE0I3401014,BUY,2025-02-25,122,69.59,25.43,"Imported from broker transaction history (icicidirect), segment TT, STT Paid"
Sesha,icicidirect,BSE,DHABIO,DHAMPUR BIO ORGANICS LIMITED,INE0I3401014,BUY,2025-02-25,182,69.55,37.92,"Imported from broker transaction history (icicidirect), segment TT, STT Paid"
Sesha,icicidirect,NSE,HDFBAN,HDFC BANK LIMITED,INE040A01034,BUY,2023-11-12,67,1499.40,315.15,"Imported from broker transaction history (icicidirect), segment TT, STT Paid"
Sesha,icicidirect,NSE,HDFBAN,HDFC BANK LIMITED,INE040A01034,BUY,2024-01-25,70,1428.95,313.85,"Imported from broker transaction history (icicidirect), segment TT, STT Paid"
Sesha,icicidirect,NSE,HDFBAN,HDFC BANK LIMITED,INE040A01034,BUY,2025-08-29,137,0.00,0.00,"Imported from broker transaction history (icicidirect), segment TT, STT Not Paid"
Sesha,icicidirect,NSE,ICIBAN,ICICI BANK LIMITED,INE090A01021,BUY,2004-04-05,102,295.00,0.00,"Imported from broker transaction history (icicidirect), segment Rolling, STT Paid"
Sesha,icicidirect,NSE,ICIBAN,ICICI BANK LIMITED,INE090A01021,BUY,2004-04-05,740,59.00,0.00,"Imported from broker transaction history (icicidirect), segment Rolling, STT Paid"
Sesha,icicidirect,NSE,ICIBAN,ICICI BANK LIMITED,INE090A01021,BUY,2006-10-02,250,0.00,0.00,"Imported from broker transaction history (icicidirect), segment Rolling, STT Paid"
Sesha,icicidirect,NSE,ICIBAN,ICICI BANK LIMITED,INE090A01021,BUY,2008-02-20,510,190.00,0.00,"Imported from broker transaction history (icicidirect), segment Rolling, STT Paid"
Sesha,icicidirect,BSE,ICIBAN,ICICI BANK LIMITED,INE090A01021,SELL,2010-09-09,100,1045.50,879.12,"Imported from broker transaction history (icicidirect), segment Rolling, STT Paid"
Sesha,icicidirect,BSE,ICIBAN,ICICI BANK LIMITED,INE090A01021,SELL,2010-09-09,2,1045.50,17.59,"Imported from broker transaction history (icicidirect), segment Rolling, STT Paid"
Sesha,icicidirect,NSE,ICIBAN,ICICI BANK LIMITED,INE090A01021,BUY,2011-02-09,15,189.87,23.94,"Imported from broker transaction history (icicidirect), segment Rolling, STT Paid"
Sesha,icicidirect,NSE,ICIBAN,ICICI BANK LIMITED,INE090A01021,BUY,2011-02-09,185,189.86,295.30,"Imported from broker transaction history (icicidirect), segment Rolling, STT Paid"
Sesha,icicidirect,NSE,ICIBAN,ICICI BANK LIMITED,INE090A01021,BUY,2017-06-29,170,0.00,0.00,"Imported from broker transaction history (icicidirect), segment Rolling, STT Not Paid"
Sesha,Added from reco,BSE,ICIBAN,ICICI BANK LIMITED,INE090A01021,SELL,2018-01-31,1000,352.95,0.00,"Imported from broker transaction history (Added from reco), segment Rolling, STT Paid"
Sesha,icicidirect,NSE,ICIBAN,ICICI BANK LIMITED,INE090A01021,SELL,2024-06-20,100,1146.70,342.90,"Imported from broker transaction history (icicidirect), segment TT, STT Paid"
Sesha,icicidirect,NSE,ICIBAN,ICICI BANK LIMITED,INE090A01021,SELL,2024-06-20,9,1146.75,30.86,"Imported from broker transaction history (icicidirect), segment TT, STT Paid"
Sesha,icicidirect,NSE,ICIBAN,ICICI BANK LIMITED,INE090A01021,SELL,2024-06-20,1,1146.60,3.43,"Imported from broker transaction history (icicidirect), segment TT, STT Paid"
Sesha,icicidirect,NSE,ICIBAN,ICICI BANK LIMITED,INE090A01021,SELL,2024-06-20,2,1146.70,6.86,"Imported from broker transaction history (icicidirect), segment TT, STT Paid"
Sesha,icicidirect,NSE,ICIBAN,ICICI BANK LIMITED,INE090A01021,SELL,2024-06-20,63,1146.70,216.03,"Imported from broker transaction history (icicidirect), segment TT, STT Paid"
Sesha,icicidirect,NSE,IDFBAN,IDFC FIRST BANK LIMITED,INE092T01019,BUY,2021-06-14,575,59.50,102.18,"Imported from broker transaction history (icicidirect), segment Rolling, STT Paid"
Sesha,icicidirect,NSE,IDFBAN,IDFC FIRST BANK LIMITED,INE092T01019,BUY,2021-06-14,1125,59.50,214.92,"Imported from broker transaction history (icicidirect), segment Rolling, STT Paid"
Sesha,icicidirect,NSE,IDFBAN,IDFC FIRST BANK LIMITED,INE092T01019,BUY,2021-06-30,1193,54.80,210.26,"Imported from broker transaction history (icicidirect), segment Rolling, STT Paid"
Sesha,icicidirect,NSE,IDFBAN,IDFC FIRST BANK LIMITED,INE092T01019,BUY,2021-06-30,631,54.80,103.27,"Imported from broker transaction history (icicidirect), segment Rolling, STT Paid"
Sesha,icicidirect,NSE,IDFBAN,IDFC FIRST BANK LIMITED,INE092T01019,BUY,2021-08-03,1900,51.05,304.69,"Imported from broker transaction history (icicidirect), segment Rolling, STT Paid"
Sesha,icicidirect,BSE,IDFBAN,IDFC FIRST BANK LIMITED,INE092T01019,BUY,2021-10-11,1000,48.20,150.78,"Imported from broker transaction history (icicidirect), segment Rolling, STT Paid"
Sesha,icicidirect,NSE,IDFBAN,IDFC FIRST BANK LIMITED,INE092T01019,BUY,2021-10-13,1000,49.20,153.19,"Imported from broker transaction history (icicidirect), segment Rolling, STT Paid"
Sesha,icicidirect,NSE,IDFBAN,IDFC FIRST BANK LIMITED,INE092T01019,BUY,2022-04-07,2350,42.95,316.35,"Imported from broker transaction history (icicidirect), segment Rolling, STT Paid"
Sesha,icicidirect,NSE,IRIBUS,IRIS REGTECH SOLUTIONS LIMITED,INE864K01010,BUY,2025-11-03,12,322.10,11.54,"Imported from broker transaction history (icicidirect), segment TT, STT Paid"
Sesha,icicidirect,NSE,IRIBUS,IRIS REGTECH SOLUTIONS LIMITED,INE864K01010,BUY,2025-11-03,47,322.15,45.23,"Imported from broker transaction history (icicidirect), segment TT, STT Paid"
Sesha,icicidirect,NSE,IRIBUS,IRIS REGTECH SOLUTIONS LIMITED,INE864K01010,BUY,2025-11-03,90,322.25,86.64,"Imported from broker transaction history (icicidirect), segment TT, STT Paid"
Sesha,icicidirect,NSE,IRIBUS,IRIS REGTECH SOLUTIONS LIMITED,INE864K01010,BUY,2025-11-03,19,322.25,18.29,"Imported from broker transaction history (icicidirect), segment TT, STT Paid"
Sesha,icicidirect,NSE,IRIBUS,IRIS REGTECH SOLUTIONS LIMITED,INE864K01010,BUY,2025-11-03,229,322.25,242.46,"Imported from broker transaction history (icicidirect), segment TT, STT Paid"
Sesha,icicidirect,NSE,IRIBUS,IRIS REGTECH SOLUTIONS LIMITED,INE864K01010,BUY,2025-11-03,53,321.50,50.90,"Imported from broker transaction history (icicidirect), segment TT, STT Paid"
Sesha,icicidirect,NSE,ITC,ITC LIMITED,INE154A01025,BUY,2021-03-03,41,210.60,25.83,"Imported from broker transaction history (icicidirect), segment Rolling, STT Paid"
Sesha,icicidirect,NSE,ITC,ITC LIMITED,INE154A01025,BUY,2021-03-03,219,210.60,146.19,"Imported from broker transaction history (icicidirect), segment Rolling, STT Paid"
Sesha,icicidirect,NSE,ITC,ITC LIMITED,INE154A01025,BUY,2021-03-03,1,210.60,0.63,"Imported from broker transaction history (icicidirect), segment Rolling, STT Paid"
Sesha,icicidirect,NSE,ITC,ITC LIMITED,INE154A01025,BUY,2021-03-10,265,207.30,172.56,"Imported from broker transaction history (icicidirect), segment Rolling, STT Paid"
Sesha,icicidirect,NSE,ITC,ITC LIMITED,INE154A01025,BUY,2021-03-17,261,210.10,172.26,"Imported from broker transaction history (icicidirect), segment Rolling, STT Paid"
Sesha,icicidirect,NSE,ITC,ITC LIMITED,INE154A01025,BUY,2021-03-31,76,217.80,49.50,"Imported from broker transaction history (icicidirect), segment Rolling, STT Paid"
Sesha,icicidirect,NSE,ITC,ITC LIMITED,INE154A01025,BUY,2021-03-31,176,217.85,122.92,"Imported from broker transaction history (icicidirect), segment Rolling, STT Paid"
Sesha,icicidirect,NSE,ITC,ITC LIMITED,INE154A01025,BUY,2021-07-14,245,202.40,155.10,"Imported from broker transaction history (icicidirect), segment Rolling, STT Paid"
Sesha,icicidirect,NSE,ITC,ITC LIMITED,INE154A01025,SELL,2024-06-20,240,424.85,304.91,"Imported from broker transaction history (icicidirect), segment TT, STT Paid"
Sesha,Demerger,NSE,ITCHOT,ITC HOTELS LIMITED,INE379A01028,BUY,2021-03-03,2,285.42,55.09,"Imported from broker transaction history (Demerger), segment Rolling, STT Paid"
Sesha,Demerger,NSE,ITCHOT,ITC HOTELS LIMITED,INE379A01028,BUY,2021-03-03,1,393.68,55.09,"Imported from broker transaction history (Demerger), segment Rolling, STT Paid"
Sesha,Demerger,NSE,ITCHOT,ITC HOTELS LIMITED,INE379A01028,BUY,2021-03-10,26,280.94,54.93,"Imported from broker transaction history (Demerger), segment Rolling, STT Paid"
Sesha,Demerger,NSE,ITCHOT,ITC HOTELS LIMITED,INE379A01028,BUY,2021-03-17,26,284.74,55.06,"Imported from broker transaction history (Demerger), segment Rolling, STT Paid"
Sesha,Demerger,NSE,ITCHOT,ITC HOTELS LIMITED,INE379A01028,BUY,2021-03-31,25,295.22,54.88,"Imported from broker transaction history (Demerger), segment Rolling, STT Paid"
Sesha,Demerger,NSE,ITCHOT,ITC HOTELS LIMITED,INE379A01028,BUY,2021-07-14,24,274.29,50.00,"Imported from broker transaction history (Demerger), segment Rolling, STT Paid"
Sesha,icicidirect,BSE,JIOFIN,JIO FINANCIAL SERVICES LIMITED,INE758E01017,BUY,2023-08-25,326,213.00,207.13,"Imported from broker transaction history (icicidirect), segment TT, STT Paid"
Sesha,icicidirect,BSE,JIOFIN,JIO FINANCIAL SERVICES LIMITED,INE758E01017,BUY,2023-08-25,3,213.00,1.91,"Imported from broker transaction history (icicidirect), segment TT, STT Paid"
Sesha,icicidirect,BSE,JIOFIN,JIO FINANCIAL SERVICES LIMITED,INE758E01017,BUY,2023-08-25,352,213.00,223.66,"Imported from broker transaction history (icicidirect), segment TT, STT Paid"
Sesha,icicidirect,BSE,JIOFIN,JIO FINANCIAL SERVICES LIMITED,INE758E01017,BUY,2023-08-25,975,212.60,693.34,"Imported from broker transaction history (icicidirect), segment TT, STT Paid"
Sesha,icicidirect,BSE,JIOFIN,JIO FINANCIAL SERVICES LIMITED,INE758E01017,BUY,2023-08-25,167,213.00,106.11,"Imported from broker transaction history (icicidirect), segment TT, STT Paid"
Sesha,icicidirect,BSE,JIOFIN,JIO FINANCIAL SERVICES LIMITED,INE758E01017,BUY,2023-08-25,95,213.00,60.37,"Imported from broker transaction history (icicidirect), segment TT, STT Paid"
Sesha,icicidirect,BSE,JIOFIN,JIO FINANCIAL SERVICES LIMITED,INE758E01017,BUY,2023-08-25,97,213.00,61.63,"Imported from broker transaction history (icicidirect), segment TT, STT Paid"
Sesha,icicidirect,BSE,JIOFIN,JIO FINANCIAL SERVICES LIMITED,INE758E01017,BUY,2023-08-25,35,213.00,22.24,"Imported from broker transaction history (icicidirect), segment TT, STT Paid"
Sesha,icicidirect,BSE,JIOFIN,JIO FINANCIAL SERVICES LIMITED,INE758E01017,BUY,2023-08-25,23,213.00,14.62,"Imported from broker transaction history (icicidirect), segment TT, STT Paid"
Sesha,icicidirect,BSE,JIOFIN,JIO FINANCIAL SERVICES LIMITED,INE758E01017,BUY,2023-08-25,277,213.00,176.00,"Imported from broker transaction history (icicidirect), segment TT, STT Paid"
Sesha,icicidirect,NSE,JIOFIN,JIO FINANCIAL SERVICES LIMITED,INE758E01017,BUY,2024-10-21,853,330.50,892.20,"Imported from broker transaction history (icicidirect), segment TT, STT Paid"
Sesha,icicidirect,NSE,JIOFIN,JIO FINANCIAL SERVICES LIMITED,INE758E01017,BUY,2024-10-21,147,330.50,145.14,"Imported from broker transaction history (icicidirect), segment TT, STT Paid"
Sesha,icicidirect,BSE,JIOFIN,JIO FINANCIAL SERVICES LIMITED,INE758E01017,BUY,2025-02-25,264,229.35,181.37,"Imported from broker transaction history (icicidirect), segment TT, STT Paid"
Sesha,icicidirect,BSE,JIOFIN,JIO FINANCIAL SERVICES LIMITED,INE758E01017,BUY,2025-02-25,586,229.30,432.19,"Imported from broker transaction history (icicidirect), segment TT, STT Paid"
Sesha,icicidirect,BSE,LANCON,LANCER CONTAINER LINES LIMITED,INE359U01028,BUY,2025-03-24,129,16.92,6.51,"Imported from broker transaction history (icicidirect), segment TT, STT Paid"
Sesha,icicidirect,BSE,LANCON,LANCER CONTAINER LINES LIMITED,INE359U01028,BUY,2025-03-24,2871,16.92,152.93,"Imported from broker transaction history (icicidirect), segment TT, STT Paid"
Sesha,icicidirect,NSE,PRAHOM,PRAXIS HOME RETAIL LIMITED,INE546Y01022,BUY,2024-12-23,659,19.87,39.12,"Imported from broker transaction history (icicidirect), segment TT, STT Paid"
Sesha,icicidirect,NSE,PRAHOM,PRAXIS HOME RETAIL LIMITED,INE546Y01022,BUY,2024-12-23,1000,19.94,59.57,"Imported from broker transaction history (icicidirect), segment TT, STT Paid"
Sesha,icicidirect,NSE,PRAHOM,PRAXIS HOME RETAIL LIMITED,INE546Y01022,BUY,2024-12-23,2085,19.95,139.26,"Imported from broker transaction history (icicidirect), segment TT, STT Paid"
Sesha,icicidirect,NSE,PRAHOM,PRAXIS HOME RETAIL LIMITED,INE546Y01022,BUY,2024-12-23,216,19.88,12.83,"Imported from broker transaction history (icicidirect), segment TT, STT Paid"
Sesha,icicidirect,NSE,PRAHOM,PRAXIS HOME RETAIL LIMITED,INE546Y01022,BUY,2024-12-23,1040,19.80,61.51,"Imported from broker transaction history (icicidirect), segment TT, STT Paid"
Sesha,icicidirect,NSE,RELIND,RELIANCE INDUSTRIES,INE002A01018,BUY,2026-07-08,50,1289.40,233.02,"Imported from broker transaction history (icicidirect), segment TT, STT Paid"
Sesha,icicidirect,NSE,SCHA,S CHAND AND COMPANY LIMITED,INE807K01035,BUY,2024-09-04,1,233.94,0.70,"Imported from broker transaction history (icicidirect), segment TT, STT Paid"
Sesha,icicidirect,NSE,SCHA,S CHAND AND COMPANY LIMITED,INE807K01035,BUY,2024-09-04,1,233.94,0.70,"Imported from broker transaction history (icicidirect), segment TT, STT Paid"
Sesha,icicidirect,NSE,SCHA,S CHAND AND COMPANY LIMITED,INE807K01035,BUY,2024-09-04,7,233.94,4.90,"Imported from broker transaction history (icicidirect), segment TT, STT Paid"
Sesha,icicidirect,NSE,SCHA,S CHAND AND COMPANY LIMITED,INE807K01035,BUY,2024-09-04,8,233.65,5.59,"Imported from broker transaction history (icicidirect), segment TT, STT Paid"
Sesha,icicidirect,NSE,SCHA,S CHAND AND COMPANY LIMITED,INE807K01035,BUY,2024-09-04,40,233.71,27.96,"Imported from broker transaction history (icicidirect), segment TT, STT Paid"
Sesha,icicidirect,NSE,SCHA,S CHAND AND COMPANY LIMITED,INE807K01035,BUY,2024-09-04,12,233.89,8.40,"Imported from broker transaction history (icicidirect), segment TT, STT Paid"
Sesha,icicidirect,NSE,SCHA,S CHAND AND COMPANY LIMITED,INE807K01035,BUY,2024-09-04,3,233.62,2.09,"Imported from broker transaction history (icicidirect), segment TT, STT Paid"
Sesha,icicidirect,NSE,SCHA,S CHAND AND COMPANY LIMITED,INE807K01035,BUY,2024-09-04,6,233.83,4.20,"Imported from broker transaction history (icicidirect), segment TT, STT Paid"
Sesha,icicidirect,NSE,SCHA,S CHAND AND COMPANY LIMITED,INE807K01035,BUY,2024-09-04,1,233.00,0.70,"Imported from broker transaction history (icicidirect), segment TT, STT Paid"
Sesha,icicidirect,NSE,SCHA,S CHAND AND COMPANY LIMITED,INE807K01035,BUY,2024-09-04,5,233.75,3.50,"Imported from broker transaction history (icicidirect), segment TT, STT Paid"
Sesha,icicidirect,NSE,SCHA,S CHAND AND COMPANY LIMITED,INE807K01035,BUY,2024-09-04,7,233.83,4.90,"Imported from broker transaction history (icicidirect), segment TT, STT Paid"
Sesha,icicidirect,NSE,SCHA,S CHAND AND COMPANY LIMITED,INE807K01035,BUY,2024-09-04,7,233.94,4.90,"Imported from broker transaction history (icicidirect), segment TT, STT Paid"
Sesha,icicidirect,NSE,SCHA,S CHAND AND COMPANY LIMITED,INE807K01035,BUY,2024-09-04,6,233.83,4.20,"Imported from broker transaction history (icicidirect), segment TT, STT Paid"
Sesha,icicidirect,NSE,SCHA,S CHAND AND COMPANY LIMITED,INE807K01035,BUY,2024-09-04,2,233.55,1.40,"Imported from broker transaction history (icicidirect), segment TT, STT Paid"
Sesha,icicidirect,NSE,SCHA,S CHAND AND COMPANY LIMITED,INE807K01035,BUY,2024-09-04,1,233.59,0.70,"Imported from broker transaction history (icicidirect), segment TT, STT Paid"
Sesha,icicidirect,NSE,SCHA,S CHAND AND COMPANY LIMITED,INE807K01035,BUY,2024-09-04,31,233.83,21.68,"Imported from broker transaction history (icicidirect), segment TT, STT Paid"
Sesha,icicidirect,NSE,SCHA,S CHAND AND COMPANY LIMITED,INE807K01035,BUY,2024-09-04,6,233.83,4.20,"Imported from broker transaction history (icicidirect), segment TT, STT Paid"
Sesha,icicidirect,NSE,SCHA,S CHAND AND COMPANY LIMITED,INE807K01035,BUY,2024-09-04,4,233.83,2.79,"Imported from broker transaction history (icicidirect), segment TT, STT Paid"
Sesha,icicidirect,NSE,SCHA,S CHAND AND COMPANY LIMITED,INE807K01035,BUY,2024-09-04,3,233.72,2.09,"Imported from broker transaction history (icicidirect), segment TT, STT Paid"
Sesha,icicidirect,NSE,SCHA,S CHAND AND COMPANY LIMITED,INE807K01035,BUY,2024-09-04,7,233.94,4.90,"Imported from broker transaction history (icicidirect), segment TT, STT Paid"
Sesha,icicidirect,NSE,SCHA,S CHAND AND COMPANY LIMITED,INE807K01035,BUY,2024-09-04,1,233.54,0.70,"Imported from broker transaction history (icicidirect), segment TT, STT Paid"
Sesha,icicidirect,NSE,SCHA,S CHAND AND COMPANY LIMITED,INE807K01035,BUY,2024-09-04,4,233.00,2.79,"Imported from broker transaction history (icicidirect), segment TT, STT Paid"
Sesha,icicidirect,NSE,SCHA,S CHAND AND COMPANY LIMITED,INE807K01035,BUY,2024-09-04,7,233.83,4.90,"Imported from broker transaction history (icicidirect), segment TT, STT Paid"
Sesha,icicidirect,NSE,SCHA,S CHAND AND COMPANY LIMITED,INE807K01035,BUY,2024-09-04,23,233.00,16.02,"Imported from broker transaction history (icicidirect), segment TT, STT Paid"
Sesha,icicidirect,NSE,SCHA,S CHAND AND COMPANY LIMITED,INE807K01035,BUY,2024-09-04,6,233.83,4.20,"Imported from broker transaction history (icicidirect), segment TT, STT Paid"
Sesha,icicidirect,NSE,SCHA,S CHAND AND COMPANY LIMITED,INE807K01035,BUY,2024-09-04,4,233.77,2.79,"Imported from broker transaction history (icicidirect), segment TT, STT Paid"
Sesha,icicidirect,NSE,SCHA,S CHAND AND COMPANY LIMITED,INE807K01035,BUY,2024-09-04,4,233.00,2.79,"Imported from broker transaction history (icicidirect), segment TT, STT Paid"
Sesha,icicidirect,NSE,SCHA,S CHAND AND COMPANY LIMITED,INE807K01035,BUY,2024-09-04,1,233.60,0.70,"Imported from broker transaction history (icicidirect), segment TT, STT Paid"
Sesha,icicidirect,NSE,SCHA,S CHAND AND COMPANY LIMITED,INE807K01035,BUY,2024-09-04,5,233.00,3.48,"Imported from broker transaction history (icicidirect), segment TT, STT Paid"
Sesha,icicidirect,NSE,SCHA,S CHAND AND COMPANY LIMITED,INE807K01035,BUY,2024-09-04,26,233.98,18.19,"Imported from broker transaction history (icicidirect), segment TT, STT Paid"
Sesha,icicidirect,NSE,SCHA,S CHAND AND COMPANY LIMITED,INE807K01035,BUY,2024-09-04,4,233.00,2.79,"Imported from broker transaction history (icicidirect), segment TT, STT Paid"
Sesha,icicidirect,NSE,SCHA,S CHAND AND COMPANY LIMITED,INE807K01035,BUY,2024-09-04,2,233.52,1.40,"Imported from broker transaction history (icicidirect), segment TT, STT Paid"
Sesha,icicidirect,NSE,SCHA,S CHAND AND COMPANY LIMITED,INE807K01035,BUY,2024-09-04,1,233.52,0.70,"Imported from broker transaction history (icicidirect), segment TT, STT Paid"
Sesha,icicidirect,NSE,SCHA,S CHAND AND COMPANY LIMITED,INE807K01035,BUY,2024-09-04,100,233.79,69.91,"Imported from broker transaction history (icicidirect), segment TT, STT Paid"
Sesha,icicidirect,NSE,SCHA,S CHAND AND COMPANY LIMITED,INE807K01035,BUY,2024-09-04,20,233.80,13.98,"Imported from broker transaction history (icicidirect), segment TT, STT Paid"
Sesha,icicidirect,NSE,SCHA,S CHAND AND COMPANY LIMITED,INE807K01035,BUY,2024-09-04,1,233.94,0.70,"Imported from broker transaction history (icicidirect), segment TT, STT Paid"
Sesha,icicidirect,NSE,SCHA,S CHAND AND COMPANY LIMITED,INE807K01035,BUY,2024-09-04,4,233.94,2.80,"Imported from broker transaction history (icicidirect), segment TT, STT Paid"
Sesha,icicidirect,NSE,SCHA,S CHAND AND COMPANY LIMITED,INE807K01035,BUY,2024-09-04,1,233.61,0.70,"Imported from broker transaction history (icicidirect), segment TT, STT Paid"
Sesha,icicidirect,NSE,SCHA,S CHAND AND COMPANY LIMITED,INE807K01035,BUY,2024-09-04,22,233.59,15.37,"Imported from broker transaction history (icicidirect), segment TT, STT Paid"
Sesha,icicidirect,NSE,SCHA,S CHAND AND COMPANY LIMITED,INE807K01035,BUY,2024-09-04,4,233.66,2.79,"Imported from broker transaction history (icicidirect), segment TT, STT Paid"
Sesha,icicidirect,NSE,SCHA,S CHAND AND COMPANY LIMITED,INE807K01035,BUY,2024-09-04,9,233.00,6.27,"Imported from broker transaction history (icicidirect), segment TT, STT Paid"
Sesha,icicidirect,NSE,SCHA,S CHAND AND COMPANY LIMITED,INE807K01035,BUY,2024-09-04,7,233.91,4.90,"Imported from broker transaction history (icicidirect), segment TT, STT Paid"
Sesha,icicidirect,NSE,SCHA,S CHAND AND COMPANY LIMITED,INE807K01035,BUY,2024-09-04,7,233.83,4.90,"Imported from broker transaction history (icicidirect), segment TT, STT Paid"
Sesha,icicidirect,NSE,SCHA,S CHAND AND COMPANY LIMITED,INE807K01035,BUY,2024-09-04,1,233.94,0.70,"Imported from broker transaction history (icicidirect), segment TT, STT Paid"
Sesha,icicidirect,NSE,SCHA,S CHAND AND COMPANY LIMITED,INE807K01035,BUY,2024-09-04,73,233.00,50.86,"Imported from broker transaction history (icicidirect), segment TT, STT Paid"
Sesha,icicidirect,NSE,SCHA,S CHAND AND COMPANY LIMITED,INE807K01035,BUY,2024-09-04,7,233.83,4.90,"Imported from broker transaction history (icicidirect), segment TT, STT Paid"
Sesha,icicidirect,NSE,SCHA,S CHAND AND COMPANY LIMITED,INE807K01035,BUY,2024-09-04,32,233.73,22.37,"Imported from broker transaction history (icicidirect), segment TT, STT Paid"
Sesha,icicidirect,NSE,SCHA,S CHAND AND COMPANY LIMITED,INE807K01035,BUY,2024-09-04,5,233.84,3.50,"Imported from broker transaction history (icicidirect), segment TT, STT Paid"
Sesha,icicidirect,NSE,SCHA,S CHAND AND COMPANY LIMITED,INE807K01035,BUY,2024-09-04,12,233.00,8.37,"Imported from broker transaction history (icicidirect), segment TT, STT Paid"
Sesha,icicidirect,NSE,SCHA,S CHAND AND COMPANY LIMITED,INE807K01035,BUY,2024-09-04,2,233.67,1.40,"Imported from broker transaction history (icicidirect), segment TT, STT Paid"
Sesha,icicidirect,NSE,SCHA,S CHAND AND COMPANY LIMITED,INE807K01035,BUY,2024-09-04,27,233.75,18.88,"Imported from broker transaction history (icicidirect), segment TT, STT Paid"
Sesha,icicidirect,NSE,SCHA,S CHAND AND COMPANY LIMITED,INE807K01035,BUY,2024-09-04,23,232.98,16.02,"Imported from broker transaction history (icicidirect), segment TT, STT Paid"
Sesha,icicidirect,NSE,SCHA,S CHAND AND COMPANY LIMITED,INE807K01035,BUY,2024-09-04,1,233.94,0.70,"Imported from broker transaction history (icicidirect), segment TT, STT Paid"
Sesha,icicidirect,NSE,SCHA,S CHAND AND COMPANY LIMITED,INE807K01035,BUY,2024-09-04,70,233.95,48.97,"Imported from broker transaction history (icicidirect), segment TT, STT Paid"
Sesha,icicidirect,NSE,SCHA,S CHAND AND COMPANY LIMITED,INE807K01035,BUY,2024-09-04,1,233.66,0.70,"Imported from broker transaction history (icicidirect), segment TT, STT Paid"
Sesha,icicidirect,NSE,SCHA,S CHAND AND COMPANY LIMITED,INE807K01035,BUY,2024-09-04,32,233.85,22.38,"Imported from broker transaction history (icicidirect), segment TT, STT Paid"
Sesha,icicidirect,NSE,SCHA,S CHAND AND COMPANY LIMITED,INE807K01035,BUY,2024-09-04,15,233.74,10.48,"Imported from broker transaction history (icicidirect), segment TT, STT Paid"
Sesha,icicidirect,NSE,SCHA,S CHAND AND COMPANY LIMITED,INE807K01035,BUY,2024-09-04,3,233.00,2.09,"Imported from broker transaction history (icicidirect), segment TT, STT Paid"
Sesha,icicidirect,NSE,SCHA,S CHAND AND COMPANY LIMITED,INE807K01035,BUY,2024-09-04,3,233.59,2.09,"Imported from broker transaction history (icicidirect), segment TT, STT Paid"
Sesha,icicidirect,NSE,SCHA,S CHAND AND COMPANY LIMITED,INE807K01035,BUY,2024-09-04,1,233.00,0.70,"Imported from broker transaction history (icicidirect), segment TT, STT Paid"
Sesha,icicidirect,NSE,SCHA,S CHAND AND COMPANY LIMITED,INE807K01035,BUY,2024-09-04,7,233.68,4.90,"Imported from broker transaction history (icicidirect), segment TT, STT Paid"
Sesha,icicidirect,NSE,SCHA,S CHAND AND COMPANY LIMITED,INE807K01035,BUY,2024-09-04,1,233.98,0.70,"Imported from broker transaction history (icicidirect), segment TT, STT Paid"
Sesha,icicidirect,NSE,SCHA,S CHAND AND COMPANY LIMITED,INE807K01035,BUY,2024-09-04,7,233.94,4.90,"Imported from broker transaction history (icicidirect), segment TT, STT Paid"
Sesha,icicidirect,NSE,SCHA,S CHAND AND COMPANY LIMITED,INE807K01035,BUY,2024-09-04,105,233.78,103.19,"Imported from broker transaction history (icicidirect), segment TT, STT Paid"
Sesha,icicidirect,NSE,SCHA,S CHAND AND COMPANY LIMITED,INE807K01035,BUY,2024-09-04,1,233.66,0.70,"Imported from broker transaction history (icicidirect), segment TT, STT Paid"
Sesha,icicidirect,NSE,SCHA,S CHAND AND COMPANY LIMITED,INE807K01035,BUY,2025-08-11,800,189.50,475.90,"Imported from broker transaction history (icicidirect), segment TT, STT Paid"
Sesha,icicidirect,NSE,SHEFOA,SHEELA FOAM LIMITED,INE916U01025,BUY,2024-09-04,4,926.75,11.09,"Imported from broker transaction history (icicidirect), segment TT, STT Paid"
Sesha,icicidirect,NSE,SHEFOA,SHEELA FOAM LIMITED,INE916U01025,BUY,2024-09-04,9,926.35,24.94,"Imported from broker transaction history (icicidirect), segment TT, STT Paid"
Sesha,icicidirect,NSE,SHEFOA,SHEELA FOAM LIMITED,INE916U01025,BUY,2024-09-04,7,926.70,19.40,"Imported from broker transaction history (icicidirect), segment TT, STT Paid"
Sesha,icicidirect,NSE,SHEFOA,SHEELA FOAM LIMITED,INE916U01025,BUY,2024-09-04,4,926.75,11.09,"Imported from broker transaction history (icicidirect), segment TT, STT Paid"
Sesha,icicidirect,NSE,SHEFOA,SHEELA FOAM LIMITED,INE916U01025,BUY,2024-09-04,7,926.10,19.38,"Imported from broker transaction history (icicidirect), segment TT, STT Paid"
Sesha,icicidirect,NSE,SHEFOA,SHEELA FOAM LIMITED,INE916U01025,BUY,2024-09-04,1,926.75,2.77,"Imported from broker transaction history (icicidirect), segment TT, STT Paid"
Sesha,icicidirect,NSE,SHEFOA,SHEELA FOAM LIMITED,INE916U01025,BUY,2024-09-04,3,926.75,8.32,"Imported from broker transaction history (icicidirect), segment TT, STT Paid"
Sesha,icicidirect,NSE,SHEFOA,SHEELA FOAM LIMITED,INE916U01025,BUY,2024-09-04,3,926.75,8.32,"Imported from broker transaction history (icicidirect), segment TT, STT Paid"
Sesha,icicidirect,NSE,SHEFOA,SHEELA FOAM LIMITED,INE916U01025,BUY,2024-09-04,1,926.45,2.77,"Imported from broker transaction history (icicidirect), segment TT, STT Paid"
Sesha,icicidirect,NSE,SHEFOA,SHEELA FOAM LIMITED,INE916U01025,BUY,2024-09-04,18,926.40,49.86,"Imported from broker transaction history (icicidirect), segment TT, STT Paid"
Sesha,icicidirect,NSE,SHEFOA,SHEELA FOAM LIMITED,INE916U01025,BUY,2024-09-04,1,926.05,2.77,"Imported from broker transaction history (icicidirect), segment TT, STT Paid"
Sesha,icicidirect,NSE,SHEFOA,SHEELA FOAM LIMITED,INE916U01025,BUY,2024-09-04,5,925.30,13.84,"Imported from broker transaction history (icicidirect), segment TT, STT Paid"
Sesha,icicidirect,NSE,SHEFOA,SHEELA FOAM LIMITED,INE916U01025,BUY,2024-09-04,1,925.95,2.77,"Imported from broker transaction history (icicidirect), segment TT, STT Paid"
Sesha,icicidirect,NSE,SHEFOA,SHEELA FOAM LIMITED,INE916U01025,BUY,2024-09-04,14,925.95,38.76,"Imported from broker transaction history (icicidirect), segment TT, STT Paid"
Sesha,icicidirect,NSE,SHEFOA,SHEELA FOAM LIMITED,INE916U01025,BUY,2024-09-04,20,926.50,85.28,"Imported from broker transaction history (icicidirect), segment TT, STT Paid"
Sesha,icicidirect,NSE,SHEFOA,SHEELA FOAM LIMITED,INE916U01025,BUY,2024-09-04,1,926.05,2.77,"Imported from broker transaction history (icicidirect), segment TT, STT Paid"
Sesha,icicidirect,NSE,SHEFOA,SHEELA FOAM LIMITED,INE916U01025,BUY,2024-09-04,3,926.75,8.32,"Imported from broker transaction history (icicidirect), segment TT, STT Paid"
Sesha,icicidirect,NSE,SHEFOA,SHEELA FOAM LIMITED,INE916U01025,BUY,2024-09-04,8,926.45,22.16,"Imported from broker transaction history (icicidirect), segment TT, STT Paid"
Sesha,icicidirect,NSE,SHEFOA,SHEELA FOAM LIMITED,INE916U01025,BUY,2024-09-04,4,925.95,11.08,"Imported from broker transaction history (icicidirect), segment TT, STT Paid"
Sesha,icicidirect,NSE,SHEFOA,SHEELA FOAM LIMITED,INE916U01025,BUY,2024-09-04,2,926.75,5.54,"Imported from broker transaction history (icicidirect), segment TT, STT Paid"
Sesha,icicidirect,NSE,SHEFOA,SHEELA FOAM LIMITED,INE916U01025,BUY,2024-09-04,1,926.05,2.77,"Imported from broker transaction history (icicidirect), segment TT, STT Paid"
Sesha,icicidirect,NSE,SHEFOA,SHEELA FOAM LIMITED,INE916U01025,BUY,2024-09-04,1,926.55,2.77,"Imported from broker transaction history (icicidirect), segment TT, STT Paid"
Sesha,icicidirect,NSE,SHEFOA,SHEELA FOAM LIMITED,INE916U01025,BUY,2024-09-04,1,926.05,2.77,"Imported from broker transaction history (icicidirect), segment TT, STT Paid"
Sesha,icicidirect,NSE,SHEFOA,SHEELA FOAM LIMITED,INE916U01025,BUY,2024-09-04,2,926.05,5.54,"Imported from broker transaction history (icicidirect), segment TT, STT Paid"
Sesha,icicidirect,NSE,SHEFOA,SHEELA FOAM LIMITED,INE916U01025,BUY,2024-09-04,4,926.05,11.08,"Imported from broker transaction history (icicidirect), segment TT, STT Paid"
Sesha,icicidirect,NSE,SHEFOA,SHEELA FOAM LIMITED,INE916U01025,BUY,2024-09-04,8,925.80,22.14,"Imported from broker transaction history (icicidirect), segment TT, STT Paid"
Sesha,icicidirect,NSE,SHEFOA,SHEELA FOAM LIMITED,INE916U01025,BUY,2024-09-04,1,926.75,2.77,"Imported from broker transaction history (icicidirect), segment TT, STT Paid"
Sesha,icicidirect,NSE,SHEFOA,SHEELA FOAM LIMITED,INE916U01025,BUY,2024-09-04,1,925.85,2.77,"Imported from broker transaction history (icicidirect), segment TT, STT Paid"
Sesha,icicidirect,NSE,SHEFOA,SHEELA FOAM LIMITED,INE916U01025,BUY,2024-09-04,2,926.05,5.54,"Imported from broker transaction history (icicidirect), segment TT, STT Paid"
Sesha,icicidirect,NSE,SHEFOA,SHEELA FOAM LIMITED,INE916U01025,BUY,2024-09-04,18,925.70,49.83,"Imported from broker transaction history (icicidirect), segment TT, STT Paid"
Sesha,icicidirect,NSE,SHEFOA,SHEELA FOAM LIMITED,INE916U01025,BUY,2024-09-04,7,926.50,19.39,"Imported from broker transaction history (icicidirect), segment TT, STT Paid"
Sesha,icicidirect,NSE,SHEFOA,SHEELA FOAM LIMITED,INE916U01025,BUY,2024-09-04,3,926.75,8.32,"Imported from broker transaction history (icicidirect), segment TT, STT Paid"
Sesha,icicidirect,NSE,SHEFOA,SHEELA FOAM LIMITED,INE916U01025,BUY,2024-09-04,1,925.85,2.77,"Imported from broker transaction history (icicidirect), segment TT, STT Paid"
Sesha,icicidirect,NSE,SHEFOA,SHEELA FOAM LIMITED,INE916U01025,BUY,2024-09-04,1,926.75,2.77,"Imported from broker transaction history (icicidirect), segment TT, STT Paid"
Sesha,icicidirect,NSE,SHEFOA,SHEELA FOAM LIMITED,INE916U01025,BUY,2024-09-04,8,926.00,22.15,"Imported from broker transaction history (icicidirect), segment TT, STT Paid"
Sesha,icicidirect,NSE,SHEFOA,SHEELA FOAM LIMITED,INE916U01025,BUY,2024-09-04,9,926.40,24.94,"Imported from broker transaction history (icicidirect), segment TT, STT Paid"
Sesha,icicidirect,NSE,SHEFOA,SHEELA FOAM LIMITED,INE916U01025,BUY,2024-09-04,3,925.85,8.31,"Imported from broker transaction history (icicidirect), segment TT, STT Paid"
Sesha,icicidirect,NSE,SHEFOA,SHEELA FOAM LIMITED,INE916U01025,BUY,2024-09-04,1,926.10,2.77,"Imported from broker transaction history (icicidirect), segment TT, STT Paid"
Sesha,icicidirect,NSE,SHEFOA,SHEELA FOAM LIMITED,INE916U01025,BUY,2024-09-04,12,926.30,33.24,"Imported from broker transaction history (icicidirect), segment TT, STT Paid"
Sesha,icicidirect,NSE,SHEFOA,SHEELA FOAM LIMITED,INE916U01025,BUY,2024-09-04,1,926.05,2.77,"Imported from broker transaction history (icicidirect), segment TT, STT Paid"
Sesha,icicidirect,NSE,SHEFOA,SHEELA FOAM LIMITED,INE916U01025,BUY,2024-09-04,1,926.05,2.77,"Imported from broker transaction history (icicidirect), segment TT, STT Paid"
Sesha,icicidirect,NSE,SHEFOA,SHEELA FOAM LIMITED,INE916U01025,BUY,2024-09-04,2,926.10,5.54,"Imported from broker transaction history (icicidirect), segment TT, STT Paid"
Sesha,icicidirect,NSE,SHEFOA,SHEELA FOAM LIMITED,INE916U01025,BUY,2024-09-04,4,925.85,11.08,"Imported from broker transaction history (icicidirect), segment TT, STT Paid"
Sesha,icicidirect,NSE,SHEFOA,SHEELA FOAM LIMITED,INE916U01025,BUY,2024-09-04,2,926.05,5.54,"Imported from broker transaction history (icicidirect), segment TT, STT Paid"
Sesha,icicidirect,NSE,SHEFOA,SHEELA FOAM LIMITED,INE916U01025,BUY,2024-09-04,1,925.95,2.77,"Imported from broker transaction history (icicidirect), segment TT, STT Paid"
Sesha,icicidirect,NSE,SHEFOA,SHEELA FOAM LIMITED,INE916U01025,BUY,2024-09-04,2,926.05,5.54,"Imported from broker transaction history (icicidirect), segment TT, STT Paid"
Sesha,icicidirect,NSE,SHEFOA,SHEELA FOAM LIMITED,INE916U01025,BUY,2024-09-04,2,926.25,5.54,"Imported from broker transaction history (icicidirect), segment TT, STT Paid"
Sesha,icicidirect,NSE,STAHEA,STAR HEALTH ALLIED INS CO LTD,INE575P01011,BUY,2023-08-01,70,650.00,142.91,"Imported from broker transaction history (icicidirect), segment TT, STT Paid"
Sesha,icicidirect,NSE,TATPOW,TATA POWER CO LTD,INE245A01021,BUY,2021-03-03,242,102.90,78.21,"Imported from broker transaction history (icicidirect), segment Rolling, STT Paid"
Sesha,icicidirect,NSE,TATPOW,TATA POWER CO LTD,INE245A01021,BUY,2021-03-10,233,107.10,78.37,"Imported from broker transaction history (icicidirect), segment Rolling, STT Paid"
Sesha,icicidirect,NSE,TATPOW,TATA POWER CO LTD,INE245A01021,BUY,2021-03-17,193,107.95,66.05,"Imported from broker transaction history (icicidirect), segment Rolling, STT Paid"
Sesha,icicidirect,NSE,TATPOW,TATA POWER CO LTD,INE245A01021,BUY,2021-03-17,38,107.95,12.27,"Imported from broker transaction history (icicidirect), segment Rolling, STT Paid"
Sesha,icicidirect,NSE,TATPOW,TATA POWER CO LTD,INE245A01021,BUY,2021-03-24,241,103.45,78.56,"Imported from broker transaction history (icicidirect), segment Rolling, STT Paid"
Sesha,icicidirect,NSE,TATPOW,TATA POWER CO LTD,INE245A01021,BUY,2021-03-31,104,104.55,32.52,"Imported from broker transaction history (icicidirect), segment Rolling, STT Paid"
Sesha,icicidirect,NSE,TATPOW,TATA POWER CO LTD,INE245A01021,BUY,2021-03-31,135,104.55,45.96,"Imported from broker transaction history (icicidirect), segment Rolling, STT Paid"
Sesha,icicidirect,NSE,TATPOW,TATA POWER CO LTD,INE245A01021,SELL,2024-06-20,225,444.45,299.04,"Imported from broker transaction history (icicidirect), segment TT, STT Paid"
