Stock Symbol,Company Name,ISIN Code,Action,Quantity,Transaction Price,Brokerage,Transaction Charges,StampDuty,Segment,STT Paid/Not Paid,Remarks,Transaction Date,Exchange,
ADAPOW,ADANI POWER LIMITED,INE814H01029,Buy,100,130.60,10.87,0.45,0.00,TT,STT Paid,icicidirect,04-Sep-2024,NSE,
ADAPOW,ADANI POWER LIMITED,INE814H01029,Buy,500,130.60,54.34,2.23,29.39,TT,STT Paid,icicidirect,04-Sep-2024,NSE,
ADAPOW,ADANI POWER LIMITED,INE814H01029,Buy,175,130.60,19.02,0.78,0.00,TT,STT Paid,icicidirect,04-Sep-2024,NSE,
ADAPOW,ADANI POWER LIMITED,INE814H01029,Buy,5,130.60,0.54,0.02,0.00,TT,STT Paid,icicidirect,04-Sep-2024,NSE,
ADAPOW,ADANI POWER LIMITED,INE814H01029,Buy,5,130.60,0.54,0.02,0.00,TT,STT Paid,icicidirect,04-Sep-2024,NSE,
ADAPOW,ADANI POWER LIMITED,INE814H01029,Buy,15,130.60,1.63,0.07,0.00,TT,STT Paid,icicidirect,04-Sep-2024,NSE,
ADAPOW,ADANI POWER LIMITED,INE814H01029,Buy,25,130.60,2.72,0.11,0.00,TT,STT Paid,icicidirect,04-Sep-2024,NSE,
ADAPOW,ADANI POWER LIMITED,INE814H01029,Buy,100,130.60,10.87,0.45,0.00,TT,STT Paid,icicidirect,04-Sep-2024,NSE,
ADAPOW,ADANI POWER LIMITED,INE814H01029,Buy,150,130.60,16.30,0.67,0.00,TT,STT Paid,icicidirect,04-Sep-2024,NSE,
ADAPOW,ADANI POWER LIMITED,INE814H01029,Buy,380,130.60,41.30,1.70,0.00,TT,STT Paid,icicidirect,04-Sep-2024,NSE,
ADAPOW,ADANI POWER LIMITED,INE814H01029,Buy,45,130.60,4.89,0.20,0.00,TT,STT Paid,icicidirect,04-Sep-2024,NSE,
DHABIO,DHAMPUR BIO ORGANICS LIMITED,INE0I3401014,Buy,25,141.68,2.95,0.12,0.00,TT,STT Paid,icicidirect,04-Sep-2024,NSE,
DHABIO,DHAMPUR BIO ORGANICS LIMITED,INE0I3401014,Buy,5,141.54,0.59,0.02,0.00,TT,STT Paid,icicidirect,04-Sep-2024,NSE,
DHABIO,DHAMPUR BIO ORGANICS LIMITED,INE0I3401014,Buy,8,141.48,0.94,0.04,0.00,TT,STT Paid,icicidirect,04-Sep-2024,NSE,
DHABIO,DHAMPUR BIO ORGANICS LIMITED,INE0I3401014,Buy,1,141.59,0.12,0.00,0.00,TT,STT Paid,icicidirect,04-Sep-2024,NSE,
DHABIO,DHAMPUR BIO ORGANICS LIMITED,INE0I3401014,Buy,76,141.56,8.95,0.37,0.00,TT,STT Paid,icicidirect,04-Sep-2024,NSE,
DHABIO,DHAMPUR BIO ORGANICS LIMITED,INE0I3401014,Buy,5,141.49,0.59,0.02,0.00,TT,STT Paid,icicidirect,04-Sep-2024,NSE,
DHABIO,DHAMPUR BIO ORGANICS LIMITED,INE0I3401014,Buy,1,141.59,0.12,0.00,0.00,TT,STT Paid,icicidirect,04-Sep-2024,NSE,
DHABIO,DHAMPUR BIO ORGANICS LIMITED,INE0I3401014,Buy,1,141.51,0.12,0.00,0.00,TT,STT Paid,icicidirect,04-Sep-2024,NSE,
DHABIO,DHAMPUR BIO ORGANICS LIMITED,INE0I3401014,Buy,4,141.54,0.47,0.02,0.00,TT,STT Paid,icicidirect,04-Sep-2024,NSE,
DHABIO,DHAMPUR BIO ORGANICS LIMITED,INE0I3401014,Buy,1,141.59,0.12,0.00,0.00,TT,STT Paid,icicidirect,04-Sep-2024,NSE,
DHABIO,DHAMPUR BIO ORGANICS LIMITED,INE0I3401014,Buy,1,141.54,0.12,0.00,0.00,TT,STT Paid,icicidirect,04-Sep-2024,NSE,
DHABIO,DHAMPUR BIO ORGANICS LIMITED,INE0I3401014,Buy,43,141.57,5.07,0.21,0.00,TT,STT Paid,icicidirect,04-Sep-2024,NSE,
DHABIO,DHAMPUR BIO ORGANICS LIMITED,INE0I3401014,Buy,47,141.66,5.54,0.23,0.00,TT,STT Paid,icicidirect,04-Sep-2024,NSE,
DHABIO,DHAMPUR BIO ORGANICS LIMITED,INE0I3401014,Buy,32,141.59,3.77,0.15,0.00,TT,STT Paid,icicidirect,04-Sep-2024,NSE,
DHABIO,DHAMPUR BIO ORGANICS LIMITED,INE0I3401014,Buy,25,141.68,2.95,0.12,0.00,TT,STT Paid,icicidirect,04-Sep-2024,NSE,
DHABIO,DHAMPUR BIO ORGANICS LIMITED,INE0I3401014,Buy,25,141.68,2.95,0.12,0.00,TT,STT Paid,icicidirect,04-Sep-2024,NSE,
DHABIO,DHAMPUR BIO ORGANICS LIMITED,INE0I3401014,Buy,21,141.57,2.47,0.10,0.00,TT,STT Paid,icicidirect,04-Sep-2024,NSE,
DHABIO,DHAMPUR BIO ORGANICS LIMITED,INE0I3401014,Buy,2,141.63,0.24,0.01,0.00,TT,STT Paid,icicidirect,04-Sep-2024,NSE,
DHABIO,DHAMPUR BIO ORGANICS LIMITED,INE0I3401014,Buy,4,141.54,0.47,0.02,0.00,TT,STT Paid,icicidirect,04-Sep-2024,NSE,
DHABIO,DHAMPUR BIO ORGANICS LIMITED,INE0I3401014,Buy,1,141.59,0.12,0.00,0.00,TT,STT Paid,icicidirect,04-Sep-2024,NSE,
DHABIO,DHAMPUR BIO ORGANICS LIMITED,INE0I3401014,Buy,11,141.63,1.30,0.05,0.00,TT,STT Paid,icicidirect,04-Sep-2024,NSE,
DHABIO,DHAMPUR BIO ORGANICS LIMITED,INE0I3401014,Buy,2,141.68,0.24,0.01,0.00,TT,STT Paid,icicidirect,04-Sep-2024,NSE,
DHABIO,DHAMPUR BIO ORGANICS LIMITED,INE0I3401014,Buy,2,141.63,0.24,0.01,0.00,TT,STT Paid,icicidirect,04-Sep-2024,NSE,
DHABIO,DHAMPUR BIO ORGANICS LIMITED,INE0I3401014,Buy,2,141.68,0.24,0.01,0.00,TT,STT Paid,icicidirect,04-Sep-2024,NSE,
DHABIO,DHAMPUR BIO ORGANICS LIMITED,INE0I3401014,Buy,4,141.54,0.47,0.02,0.00,TT,STT Paid,icicidirect,04-Sep-2024,NSE,
DHABIO,DHAMPUR BIO ORGANICS LIMITED,INE0I3401014,Buy,1,141.63,0.12,0.00,0.00,TT,STT Paid,icicidirect,04-Sep-2024,NSE,
DHABIO,DHAMPUR BIO ORGANICS LIMITED,INE0I3401014,Buy,56,141.68,6.60,0.27,0.00,TT,STT Paid,icicidirect,04-Sep-2024,NSE,
DHABIO,DHAMPUR BIO ORGANICS LIMITED,INE0I3401014,Buy,123,141.49,14.48,0.60,0.00,TT,STT Paid,icicidirect,04-Sep-2024,NSE,
DHABIO,DHAMPUR BIO ORGANICS LIMITED,INE0I3401014,Buy,42,141.60,4.95,0.20,0.00,TT,STT Paid,icicidirect,04-Sep-2024,NSE,
DHABIO,DHAMPUR BIO ORGANICS LIMITED,INE0I3401014,Buy,2,141.63,0.24,0.01,0.00,TT,STT Paid,icicidirect,04-Sep-2024,NSE,
DHABIO,DHAMPUR BIO ORGANICS LIMITED,INE0I3401014,Buy,35,141.59,4.12,0.17,0.00,TT,STT Paid,icicidirect,04-Sep-2024,NSE,
DHABIO,DHAMPUR BIO ORGANICS LIMITED,INE0I3401014,Buy,11,141.63,1.30,0.05,0.00,TT,STT Paid,icicidirect,04-Sep-2024,NSE,
DHABIO,DHAMPUR BIO ORGANICS LIMITED,INE0I3401014,Buy,14,141.70,1.65,0.07,0.00,TT,STT Paid,icicidirect,04-Sep-2024,NSE,
DHABIO,DHAMPUR BIO ORGANICS LIMITED,INE0I3401014,Buy,51,141.61,6.01,0.25,0.00,TT,STT Paid,icicidirect,04-Sep-2024,NSE,
DHABIO,DHAMPUR BIO ORGANICS LIMITED,INE0I3401014,Buy,13,141.50,1.53,0.06,0.00,TT,STT Paid,icicidirect,04-Sep-2024,NSE,
DHABIO,DHAMPUR BIO ORGANICS LIMITED,INE0I3401014,Buy,11,141.60,1.30,0.05,0.00,TT,STT Paid,icicidirect,04-Sep-2024,NSE,
DHABIO,DHAMPUR BIO ORGANICS LIMITED,INE0I3401014,Buy,2,141.48,0.24,0.01,0.00,TT,STT Paid,icicidirect,04-Sep-2024,NSE,
DHABIO,DHAMPUR BIO ORGANICS LIMITED,INE0I3401014,Buy,2,141.68,0.24,0.01,0.00,TT,STT Paid,icicidirect,04-Sep-2024,NSE,
DHABIO,DHAMPUR BIO ORGANICS LIMITED,INE0I3401014,Buy,11,141.63,1.30,0.05,0.00,TT,STT Paid,icicidirect,04-Sep-2024,NSE,
DHABIO,DHAMPUR BIO ORGANICS LIMITED,INE0I3401014,Buy,35,141.59,4.12,0.17,0.00,TT,STT Paid,icicidirect,04-Sep-2024,NSE,
DHABIO,DHAMPUR BIO ORGANICS LIMITED,INE0I3401014,Buy,6,141.50,0.71,0.03,0.00,TT,STT Paid,icicidirect,04-Sep-2024,NSE,
DHABIO,DHAMPUR BIO ORGANICS LIMITED,INE0I3401014,Buy,35,141.59,4.12,0.17,0.00,TT,STT Paid,icicidirect,04-Sep-2024,NSE,
DHABIO,DHAMPUR BIO ORGANICS LIMITED,INE0I3401014,Buy,2,141.54,0.24,0.01,0.00,TT,STT Paid,icicidirect,04-Sep-2024,NSE,
DHABIO,DHAMPUR BIO ORGANICS LIMITED,INE0I3401014,Buy,1,141.69,0.12,0.00,0.00,TT,STT Paid,icicidirect,04-Sep-2024,NSE,
DHABIO,DHAMPUR BIO ORGANICS LIMITED,INE0I3401014,Buy,2,141.54,0.24,0.01,0.00,TT,STT Paid,icicidirect,04-Sep-2024,NSE,
DHABIO,DHAMPUR BIO ORGANICS LIMITED,INE0I3401014,Buy,1,141.68,0.12,0.00,0.00,TT,STT Paid,icicidirect,04-Sep-2024,NSE,
DHABIO,DHAMPUR BIO ORGANICS LIMITED,INE0I3401014,Buy,1,141.54,0.12,0.00,0.00,TT,STT Paid,icicidirect,04-Sep-2024,NSE,
DHABIO,DHAMPUR BIO ORGANICS LIMITED,INE0I3401014,Buy,35,141.59,4.12,0.17,0.00,TT,STT Paid,icicidirect,04-Sep-2024,NSE,
DHABIO,DHAMPUR BIO ORGANICS LIMITED,INE0I3401014,Buy,102,141.40,12.00,0.49,0.00,TT,STT Paid,icicidirect,04-Sep-2024,NSE,
DHABIO,DHAMPUR BIO ORGANICS LIMITED,INE0I3401014,Buy,2,141.68,0.24,0.01,0.00,TT,STT Paid,icicidirect,04-Sep-2024,NSE,
DHABIO,DHAMPUR BIO ORGANICS LIMITED,INE0I3401014,Buy,14,141.52,1.65,0.07,0.00,TT,STT Paid,icicidirect,04-Sep-2024,NSE,
DHABIO,DHAMPUR BIO ORGANICS LIMITED,INE0I3401014,Buy,2,141.54,0.24,0.01,0.00,TT,STT Paid,icicidirect,04-Sep-2024,NSE,
DHABIO,DHAMPUR BIO ORGANICS LIMITED,INE0I3401014,Buy,1,141.59,0.12,0.00,0.00,TT,STT Paid,icicidirect,04-Sep-2024,NSE,
DHABIO,DHAMPUR BIO ORGANICS LIMITED,INE0I3401014,Buy,2,141.54,0.24,0.01,0.00,TT,STT Paid,icicidirect,04-Sep-2024,NSE,
DHABIO,DHAMPUR BIO ORGANICS LIMITED,INE0I3401014,Buy,2,141.68,0.24,0.01,0.00,TT,STT Paid,icicidirect,04-Sep-2024,NSE,
DHABIO,DHAMPUR BIO ORGANICS LIMITED,INE0I3401014,Buy,4,141.54,0.47,0.02,0.00,TT,STT Paid,icicidirect,04-Sep-2024,NSE,
DHABIO,DHAMPUR BIO ORGANICS LIMITED,INE0I3401014,Buy,35,141.63,4.13,0.17,0.00,TT,STT Paid,icicidirect,04-Sep-2024,NSE,
DHABIO,DHAMPUR BIO ORGANICS LIMITED,INE0I3401014,Buy,11,141.63,1.30,0.05,0.00,TT,STT Paid,icicidirect,04-Sep-2024,NSE,
DHABIO,DHAMPUR BIO ORGANICS LIMITED,INE0I3401014,Buy,2,141.54,0.24,0.01,0.00,TT,STT Paid,icicidirect,04-Sep-2024,NSE,
DHABIO,DHAMPUR BIO ORGANICS LIMITED,INE0I3401014,Buy,11,141.63,1.30,0.05,0.00,TT,STT Paid,icicidirect,04-Sep-2024,NSE,
DHABIO,DHAMPUR BIO ORGANICS LIMITED,INE0I3401014,Buy,4,141.54,0.47,0.02,0.00,TT,STT Paid,icicidirect,04-Sep-2024,NSE,
DHABIO,DHAMPUR BIO ORGANICS LIMITED,INE0I3401014,Buy,2,141.68,0.24,0.01,0.00,TT,STT Paid,icicidirect,04-Sep-2024,NSE,
DHABIO,DHAMPUR BIO ORGANICS LIMITED,INE0I3401014,Buy,2,141.54,0.24,0.01,0.00,TT,STT Paid,icicidirect,04-Sep-2024,NSE,
DHABIO,DHAMPUR BIO ORGANICS LIMITED,INE0I3401014,Buy,25,141.68,2.95,0.12,0.00,TT,STT Paid,icicidirect,04-Sep-2024,NSE,
DHABIO,DHAMPUR BIO ORGANICS LIMITED,INE0I3401014,Buy,12,141.67,1.41,0.06,0.00,TT,STT Paid,icicidirect,04-Sep-2024,NSE,
DHABIO,DHAMPUR BIO ORGANICS LIMITED,INE0I3401014,Buy,14,141.57,1.65,0.07,0.00,TT,STT Paid,icicidirect,04-Sep-2024,NSE,
DHABIO,DHAMPUR BIO ORGANICS LIMITED,INE0I3401014,Buy,1,141.48,0.12,0.00,0.00,TT,STT Paid,icicidirect,04-Sep-2024,NSE,
DHABIO,DHAMPUR BIO ORGANICS LIMITED,INE0I3401014,Buy,6,141.58,0.71,0.03,0.00,TT,STT Paid,icicidirect,04-Sep-2024,NSE,
DHABIO,DHAMPUR BIO ORGANICS LIMITED,INE0I3401014,Buy,14,141.62,1.65,0.07,0.00,TT,STT Paid,icicidirect,04-Sep-2024,NSE,
DHABIO,DHAMPUR BIO ORGANICS LIMITED,INE0I3401014,Buy,18,141.54,2.12,0.09,0.00,TT,STT Paid,icicidirect,04-Sep-2024,NSE,
DHABIO,DHAMPUR BIO ORGANICS LIMITED,INE0I3401014,Buy,2,141.63,0.24,0.01,0.00,TT,STT Paid,icicidirect,04-Sep-2024,NSE,
DHABIO,DHAMPUR BIO ORGANICS LIMITED,INE0I3401014,Buy,33,141.52,3.89,0.16,0.00,TT,STT Paid,icicidirect,04-Sep-2024,NSE,
DHABIO,DHAMPUR BIO ORGANICS LIMITED,INE0I3401014,Buy,174,141.58,20.50,0.84,29.73,TT,STT Paid,icicidirect,04-Sep-2024,NSE,
DHABIO,DHAMPUR BIO ORGANICS LIMITED,INE0I3401014,Buy,1,141.55,0.12,0.00,0.00,TT,STT Paid,icicidirect,04-Sep-2024,NSE,
DHABIO,DHAMPUR BIO ORGANICS LIMITED,INE0I3401014,Buy,6,141.62,0.71,0.03,0.00,TT,STT Paid,icicidirect,04-Sep-2024,NSE,
DHABIO,DHAMPUR BIO ORGANICS LIMITED,INE0I3401014,Buy,11,141.51,1.30,0.05,0.00,TT,STT Paid,icicidirect,04-Sep-2024,NSE,
DHABIO,DHAMPUR BIO ORGANICS LIMITED,INE0I3401014,Buy,2,141.63,0.24,0.01,0.00,TT,STT Paid,icicidirect,04-Sep-2024,NSE,
DHABIO,DHAMPUR BIO ORGANICS LIMITED,INE0I3401014,Buy,7,141.56,0.82,0.03,0.00,TT,STT Paid,icicidirect,04-Sep-2024,NSE,
DHABIO,DHAMPUR BIO ORGANICS LIMITED,INE0I3401014,Buy,1,141.64,0.12,0.00,0.00,TT,STT Paid,icicidirect,04-Sep-2024,NSE,
DHABIO,DHAMPUR BIO ORGANICS LIMITED,INE0I3401014,Buy,25,141.68,2.95,0.12,0.00,TT,STT Paid,icicidirect,04-Sep-2024,NSE,
DHABIO,DHAMPUR BIO ORGANICS LIMITED,INE0I3401014,Buy,11,141.63,1.30,0.05,0.00,TT,STT Paid,icicidirect,04-Sep-2024,NSE,
DLILIM,D-LINK INDIA LIMITED,INE250K01012,Buy,100,27.95,6.28,0.10,0.28,Rolling,STT Paid,icicidirect,15-Apr-2013,NSE,
DLILIM,D-LINK INDIA LIMITED,INE250K01012,Buy,18,27.95,1.13,0.02,0.05,Rolling,STT Paid,icicidirect,15-Apr-2013,NSE,
DLILIM,D-LINK INDIA LIMITED,INE250K01012,Buy,250,28.00,15.73,0.25,0.70,Rolling,STT Paid,icicidirect,15-Apr-2013,NSE,
DLILIM,D-LINK INDIA LIMITED,INE250K01012,Buy,18,27.95,1.13,0.02,0.05,Rolling,STT Paid,icicidirect,15-Apr-2013,NSE,
DLILIM,D-LINK INDIA LIMITED,INE250K01012,Buy,84,28.00,5.29,0.08,0.24,Rolling,STT Paid,icicidirect,15-Apr-2013,NSE,
DLILIM,D-LINK INDIA LIMITED,INE250K01012,Buy,18,27.95,1.13,0.02,0.05,Rolling,STT Paid,icicidirect,15-Apr-2013,NSE,
DLILIM,D-LINK INDIA LIMITED,INE250K01012,Buy,30,28.00,1.89,0.03,0.08,Rolling,STT Paid,icicidirect,15-Apr-2013,NSE,
DLILIM,D-LINK INDIA LIMITED,INE250K01012,Buy,100,27.95,6.28,0.10,0.28,Rolling,STT Paid,icicidirect,15-Apr-2013,NSE,
DLILIM,D-LINK INDIA LIMITED,INE250K01012,Buy,98,27.95,6.16,0.10,0.27,Rolling,STT Paid,icicidirect,15-Apr-2013,NSE,
DLILIM,D-LINK INDIA LIMITED,INE250K01012,Buy,100,27.95,6.28,0.10,0.28,Rolling,STT Paid,icicidirect,15-Apr-2013,NSE,
DLILIM,D-LINK INDIA LIMITED,INE250K01012,Buy,100,27.95,6.28,0.10,0.28,Rolling,STT Paid,icicidirect,15-Apr-2013,NSE,
DLILIM,D-LINK INDIA LIMITED,INE250K01012,Buy,500,28.00,31.46,0.50,1.40,Rolling,STT Paid,icicidirect,15-Apr-2013,NSE,
DLILIM,D-LINK INDIA LIMITED,INE250K01012,Buy,6,27.95,0.38,0.01,0.02,Rolling,STT Paid,icicidirect,15-Apr-2013,NSE,
DLILIM,D-LINK INDIA LIMITED,INE250K01012,Buy,1,27.90,0.06,0.00,0.00,Rolling,STT Paid,icicidirect,15-Apr-2013,NSE,
DLILIM,D-LINK INDIA LIMITED,INE250K01012,Buy,1,28.30,0.06,0.00,0.00,Rolling,STT Paid,icicidirect,15-Apr-2013,NSE,
DLILIM,D-LINK INDIA LIMITED,INE250K01012,Buy,1,28.30,0.06,0.00,0.00,Rolling,STT Paid,icicidirect,15-Apr-2013,NSE,
DLILIM,D-LINK INDIA LIMITED,INE250K01012,Buy,3,28.25,0.19,0.00,0.01,Rolling,STT Paid,icicidirect,15-Apr-2013,NSE,
DLILIM,D-LINK INDIA LIMITED,INE250K01012,Buy,2,28.30,0.13,0.00,0.01,Rolling,STT Paid,icicidirect,15-Apr-2013,NSE,
DLILIM,D-LINK INDIA LIMITED,INE250K01012,Buy,2000,28.30,127.19,2.04,5.66,Rolling,STT Paid,icicidirect,15-Apr-2013,NSE,
DLILIM,D-LINK INDIA LIMITED,INE250K01012,Buy,1,28.30,0.06,0.00,0.00,Rolling,STT Paid,icicidirect,15-Apr-2013,NSE,
DLILIM,D-LINK INDIA LIMITED,INE250K01012,Buy,50,28.30,3.18,0.05,0.14,Rolling,STT Paid,icicidirect,15-Apr-2013,NSE,
DLILIM,D-LINK INDIA LIMITED,INE250K01012,Buy,81,28.30,5.15,0.08,0.23,Rolling,STT Paid,icicidirect,15-Apr-2013,NSE,
DLILIM,D-LINK INDIA LIMITED,INE250K01012,Buy,1,28.30,0.06,0.00,0.00,Rolling,STT Paid,icicidirect,15-Apr-2013,NSE,
DLILIM,D-LINK INDIA LIMITED,INE250K01012,Buy,1,28.30,0.06,0.00,0.00,Rolling,STT Paid,icicidirect,15-Apr-2013,NSE,
DLILIM,D-LINK INDIA LIMITED,INE250K01012,Buy,1,28.30,0.06,0.00,0.00,Rolling,STT Paid,icicidirect,15-Apr-2013,NSE,
DLILIM,D-LINK INDIA LIMITED,INE250K01012,Buy,5,28.25,0.32,0.01,0.01,Rolling,STT Paid,icicidirect,15-Apr-2013,NSE,
DLILIM,D-LINK INDIA LIMITED,INE250K01012,Buy,1,28.30,0.06,0.00,0.00,Rolling,STT Paid,icicidirect,15-Apr-2013,NSE,
DLILIM,D-LINK INDIA LIMITED,INE250K01012,Sell,1,283.60,0.24,0.01,0.00,TT,STT Paid,icicidirect,27-Mar-2024,NSE,
DLILIM,D-LINK INDIA LIMITED,INE250K01012,Sell,1,283.60,0.24,0.01,0.00,TT,STT Paid,icicidirect,27-Mar-2024,NSE,
DLILIM,D-LINK INDIA LIMITED,INE250K01012,Sell,1,283.60,0.24,0.01,0.00,TT,STT Paid,icicidirect,27-Mar-2024,NSE,
DLILIM,D-LINK INDIA LIMITED,INE250K01012,Sell,186,283.50,43.86,1.69,0.00,TT,STT Paid,icicidirect,27-Mar-2024,NSE,
DLILIM,D-LINK INDIA LIMITED,INE250K01012,Sell,1,283.60,0.24,0.01,0.00,TT,STT Paid,icicidirect,27-Mar-2024,NSE,
DLILIM,D-LINK INDIA LIMITED,INE250K01012,Sell,20,283.55,4.72,0.18,0.00,TT,STT Paid,icicidirect,27-Mar-2024,NSE,
DLILIM,D-LINK INDIA LIMITED,INE250K01012,Sell,45,283.75,10.62,0.41,0.00,TT,STT Paid,icicidirect,27-Mar-2024,NSE,
DLILIM,D-LINK INDIA LIMITED,INE250K01012,Sell,6,283.60,1.42,0.05,0.00,TT,STT Paid,icicidirect,27-Mar-2024,NSE,
DLILIM,D-LINK INDIA LIMITED,INE250K01012,Sell,19,283.55,4.48,0.17,0.00,TT,STT Paid,icicidirect,27-Mar-2024,NSE,
DLILIM,D-LINK INDIA LIMITED,INE250K01012,Sell,1,283.60,0.24,0.01,0.00,TT,STT Paid,icicidirect,27-Mar-2024,NSE,
DLILIM,D-LINK INDIA LIMITED,INE250K01012,Sell,1,283.60,0.24,0.01,0.00,TT,STT Paid,icicidirect,27-Mar-2024,NSE,
DLILIM,D-LINK INDIA LIMITED,INE250K01012,Sell,1,283.60,0.24,0.01,0.00,TT,STT Paid,icicidirect,27-Mar-2024,NSE,
DLILIM,D-LINK INDIA LIMITED,INE250K01012,Sell,1,283.50,0.24,0.01,0.00,TT,STT Paid,icicidirect,27-Mar-2024,NSE,
DLILIM,D-LINK INDIA LIMITED,INE250K01012,Sell,1,283.60,0.24,0.01,0.00,TT,STT Paid,icicidirect,27-Mar-2024,NSE,
DLILIM,D-LINK INDIA LIMITED,INE250K01012,Sell,1,283.50,0.24,0.01,0.00,TT,STT Paid,icicidirect,27-Mar-2024,NSE,
DLILIM,D-LINK INDIA LIMITED,INE250K01012,Sell,5,283.80,1.18,0.05,0.00,TT,STT Paid,icicidirect,27-Mar-2024,NSE,
DLILIM,D-LINK INDIA LIMITED,INE250K01012,Sell,62,283.55,14.62,0.56,0.00,TT,STT Paid,icicidirect,27-Mar-2024,NSE,
DLILIM,D-LINK INDIA LIMITED,INE250K01012,Sell,1,283.60,0.24,0.01,0.00,TT,STT Paid,icicidirect,27-Mar-2024,NSE,
DLILIM,D-LINK INDIA LIMITED,INE250K01012,Sell,1,283.60,0.24,0.01,0.00,TT,STT Paid,icicidirect,27-Mar-2024,NSE,
DLILIM,D-LINK INDIA LIMITED,INE250K01012,Sell,4,410.00,1.36,0.06,0.00,TT,STT Paid,icicidirect,29-May-2024,NSE,
DLILIM,D-LINK INDIA LIMITED,INE250K01012,Sell,246,410.00,83.93,3.45,0.00,TT,STT Paid,icicidirect,29-May-2024,NSE,
DLILIM,D-LINK INDIA LIMITED,INE250K01012,Sell,2,446.35,0.74,0.03,0.00,TT,STT Paid,icicidirect,20-Jun-2024,NSE,
DLILIM,D-LINK INDIA LIMITED,INE250K01012,Sell,27,446.35,10.03,0.41,0.00,TT,STT Paid,icicidirect,20-Jun-2024,NSE,
DLILIM,D-LINK INDIA LIMITED,INE250K01012,Sell,2,446.15,0.74,0.03,0.00,TT,STT Paid,icicidirect,20-Jun-2024,NSE,
DLILIM,D-LINK INDIA LIMITED,INE250K01012,Sell,10,446.10,3.71,0.15,0.00,TT,STT Paid,icicidirect,20-Jun-2024,NSE,
DLILIM,D-LINK INDIA LIMITED,INE250K01012,Sell,1,446.10,0.37,0.02,0.00,TT,STT Paid,icicidirect,20-Jun-2024,NSE,
DLILIM,D-LINK INDIA LIMITED,INE250K01012,Sell,1,446.25,0.37,0.02,0.00,TT,STT Paid,icicidirect,20-Jun-2024,NSE,
DLILIM,D-LINK INDIA LIMITED,INE250K01012,Sell,7,446.10,2.60,0.11,0.00,TT,STT Paid,icicidirect,20-Jun-2024,NSE,
DLILIM,D-LINK INDIA LIMITED,INE250K01012,Sell,17,446.20,6.31,0.26,0.00,TT,STT Paid,icicidirect,20-Jun-2024,NSE,
DLILIM,D-LINK INDIA LIMITED,INE250K01012,Sell,1,446.20,0.37,0.02,0.00,TT,STT Paid,icicidirect,20-Jun-2024,NSE,
DLILIM,D-LINK INDIA LIMITED,INE250K01012,Sell,25,446.15,9.28,0.38,0.00,TT,STT Paid,icicidirect,20-Jun-2024,NSE,
DLILIM,D-LINK INDIA LIMITED,INE250K01012,Sell,75,446.15,27.85,1.14,0.00,TT,STT Paid,icicidirect,20-Jun-2024,NSE,
DLILIM,D-LINK INDIA LIMITED,INE250K01012,Sell,1,446.20,0.37,0.02,0.00,TT,STT Paid,icicidirect,20-Jun-2024,NSE,
DLILIM,D-LINK INDIA LIMITED,INE250K01012,Sell,2,446.15,0.74,0.03,0.00,TT,STT Paid,icicidirect,20-Jun-2024,NSE,
DLILIM,D-LINK INDIA LIMITED,INE250K01012,Sell,1,446.20,0.37,0.02,0.00,TT,STT Paid,icicidirect,20-Jun-2024,NSE,
DLILIM,D-LINK INDIA LIMITED,INE250K01012,Sell,2,446.20,0.74,0.03,0.00,TT,STT Paid,icicidirect,20-Jun-2024,NSE,
DLILIM,D-LINK INDIA LIMITED,INE250K01012,Sell,11,446.20,4.08,0.17,0.00,TT,STT Paid,icicidirect,20-Jun-2024,NSE,
DLILIM,D-LINK INDIA LIMITED,INE250K01012,Sell,20,446.15,7.43,0.31,0.00,TT,STT Paid,icicidirect,20-Jun-2024,NSE,
DLILIM,D-LINK INDIA LIMITED,INE250K01012,Sell,1,446.20,0.37,0.02,0.00,TT,STT Paid,icicidirect,20-Jun-2024,NSE,
DLILIM,D-LINK INDIA LIMITED,INE250K01012,Sell,1,446.20,0.37,0.02,0.00,TT,STT Paid,icicidirect,20-Jun-2024,NSE,
DLILIM,D-LINK INDIA LIMITED,INE250K01012,Sell,2,446.25,0.74,0.03,0.00,TT,STT Paid,icicidirect,20-Jun-2024,NSE,
DLILIM,D-LINK INDIA LIMITED,INE250K01012,Sell,1,446.35,0.37,0.02,0.00,TT,STT Paid,icicidirect,20-Jun-2024,NSE,
DLILIM,D-LINK INDIA LIMITED,INE250K01012,Sell,17,446.20,6.31,0.26,0.00,TT,STT Paid,icicidirect,20-Jun-2024,NSE,
DLILIM,D-LINK INDIA LIMITED,INE250K01012,Sell,1,446.15,0.37,0.02,0.00,TT,STT Paid,icicidirect,20-Jun-2024,NSE,
DLILIM,D-LINK INDIA LIMITED,INE250K01012,Sell,1,446.20,0.37,0.02,0.00,TT,STT Paid,icicidirect,20-Jun-2024,NSE,
DLILIM,D-LINK INDIA LIMITED,INE250K01012,Sell,2,446.30,0.74,0.03,0.00,TT,STT Paid,icicidirect,20-Jun-2024,NSE,
DLILIM,D-LINK INDIA LIMITED,INE250K01012,Sell,17,446.20,6.31,0.26,0.00,TT,STT Paid,icicidirect,20-Jun-2024,NSE,
DLILIM,D-LINK INDIA LIMITED,INE250K01012,Sell,17,446.20,6.31,0.26,0.00,TT,STT Paid,icicidirect,20-Jun-2024,NSE,
DLILIM,D-LINK INDIA LIMITED,INE250K01012,Sell,15,446.35,5.57,0.23,0.00,TT,STT Paid,icicidirect,20-Jun-2024,NSE,
DLILIM,D-LINK INDIA LIMITED,INE250K01012,Sell,1,446.15,0.37,0.02,0.00,TT,STT Paid,icicidirect,20-Jun-2024,NSE,
DLILIM,D-LINK INDIA LIMITED,INE250K01012,Sell,3,446.20,1.11,0.05,0.00,TT,STT Paid,icicidirect,20-Jun-2024,NSE,
DLILIM,D-LINK INDIA LIMITED,INE250K01012,Sell,31,446.10,11.51,0.47,0.00,TT,STT Paid,icicidirect,20-Jun-2024,NSE,
DLILIM,D-LINK INDIA LIMITED,INE250K01012,Sell,135,446.35,50.14,2.06,0.00,TT,STT Paid,icicidirect,20-Jun-2024,NSE,
DLILIM,D-LINK INDIA LIMITED,INE250K01012,Sell,1000,548.50,456.44,18.76,0.00,TT,STT Paid,icicidirect,03-Jul-2024,NSE,
GOLDEX,NIPPON INDIA ETF GOLD BEES,INF204KB17I5,Buy,200,25.87,31.39,0.00,0.52,Rolling,STT Not Paid,icicidirect,24-Oct-2011,NSE,
GOLDEX,NIPPON INDIA ETF GOLD BEES,INF204KB17I5,Buy,200,27.43,33.28,0.19,0.55,Rolling,STT Not Paid,icicidirect,24-Nov-2011,NSE,
GOLDEX,NIPPON INDIA ETF GOLD BEES,INF204KB17I5,Buy,200,26.50,32.16,0.19,0.53,Rolling,STT Not Paid,icicidirect,26-Dec-2011,NSE,
GOLDEX,NIPPON INDIA ETF GOLD BEES,INF204KB17I5,Buy,200,26.31,31.92,0.18,0.53,Rolling,STT Not Paid,icicidirect,24-Jan-2012,NSE,
GOLDEX,NIPPON INDIA ETF GOLD BEES,INF204KB17I5,Buy,200,27.37,33.21,0.19,0.55,Rolling,STT Not Paid,icicidirect,24-Feb-2012,NSE,
GOLDEX,NIPPON INDIA ETF GOLD BEES,INF204KB17I5,Buy,200,27.00,32.76,0.19,0.54,Rolling,STT Not Paid,icicidirect,26-Mar-2012,NSE,
GOLDEX,NIPPON INDIA ETF GOLD BEES,INF204KB17I5,Buy,200,29.60,36.58,0.21,0.59,Rolling,STT Not Paid,icicidirect,10-Dec-2012,NSE,
GOLDEX,NIPPON INDIA ETF GOLD BEES,INF204KB17I5,Buy,200,28.84,35.64,0.21,0.58,Rolling,STT Not Paid,icicidirect,10-Jan-2013,NSE,
GOLDEX,NIPPON INDIA ETF GOLD BEES,INF204KB17I5,Buy,200,28.91,35.74,0.21,0.58,Rolling,STT Not Paid,icicidirect,11-Feb-2013,NSE,
GOLDEX,NIPPON INDIA ETF GOLD BEES,INF204KB17I5,Buy,200,27.82,34.39,0.20,0.56,Rolling,STT Not Paid,icicidirect,11-Mar-2013,NSE,
GOLDEX,NIPPON INDIA ETF GOLD BEES,INF204KB17I5,Buy,200,27.95,28.09,0.00,0.56,Rolling,STT Not Paid,icicidirect,10-Apr-2013,NSE,
GOLDEX,NIPPON INDIA ETF GOLD BEES,INF204KB17I5,Buy,3000,25.74,173.53,0.00,7.72,Rolling,STT Not Paid,icicidirect,15-Apr-2013,NSE,
GOLDEX,NIPPON INDIA ETF GOLD BEES,INF204KB17I5,Buy,800,25.74,46.27,0.00,2.06,Rolling,STT Not Paid,icicidirect,15-Apr-2013,NSE,
GOLDEX,NIPPON INDIA ETF GOLD BEES,INF204KB17I5,Buy,200,25.82,28.09,0.00,0.52,Rolling,STT Not Paid,icicidirect,10-May-2013,NSE,
GOLDEX,NIPPON INDIA ETF GOLD BEES,INF204KB17I5,Buy,200,26.06,28.09,0.00,0.52,Rolling,STT Not Paid,icicidirect,10-Jun-2013,NSE,
GOLDEX,NIPPON INDIA ETF GOLD BEES,INF204KB17I5,Buy,200,24.76,28.09,0.00,0.50,Rolling,STT Not Paid,icicidirect,10-Jul-2013,NSE,
GOLDEX,NIPPON INDIA ETF GOLD BEES,INF204KB17I5,Buy,200,27.05,28.09,0.00,0.54,Rolling,STT Not Paid,icicidirect,12-Aug-2013,NSE,
GOLDEX,NIPPON INDIA ETF GOLD BEES,INF204KB17I5,Buy,200,28.32,28.09,0.00,0.57,Rolling,STT Not Paid,icicidirect,10-Sep-2013,NSE,
GOLDEX,NIPPON INDIA ETF GOLD BEES,INF204KB17I5,Buy,100,28.44,14.04,0.00,0.28,Rolling,STT Not Paid,icicidirect,10-Oct-2013,NSE,
GOLDEX,NIPPON INDIA ETF GOLD BEES,INF204KB17I5,Buy,100,28.44,14.05,0.00,0.28,Rolling,STT Not Paid,icicidirect,10-Oct-2013,NSE,
GOLDEX,NIPPON INDIA ETF GOLD BEES,INF204KB17I5,Buy,200,28.69,28.09,0.00,0.57,Rolling,STT Not Paid,icicidirect,11-Nov-2013,NSE,
GOLDEX,NIPPON INDIA ETF GOLD BEES,INF204KB17I5,Buy,2000,22.86,104.24,0.09,2.29,Rolling,STT Not Paid,icicidirect,28-Jul-2015,NSE,
GOLDEX,NIPPON INDIA ETF GOLD BEES,INF204KB17I5,Buy,205,118.25,20.16,0.77,0.00,TT,STT Not Paid,icicidirect,27-Mar-2026,NSE,
GOLDEX,NIPPON INDIA ETF GOLD BEES,INF204KB17I5,Buy,2295,118.25,225.71,8.60,44.00,TT,STT Not Paid,icicidirect,27-Mar-2026,NSE,
HDFBAN,HDFC BANK LIMITED,INE040A01034,Buy,67,1497.95,83.48,3.21,15.00,TT,STT Paid,icicidirect,12-Nov-2023,NSE,
HDFBAN,HDFC BANK LIMITED,INE040A01034,Buy,67,0.00,0.00,0.00,0.00,TT,STT Not Paid,icicidirect,29-Aug-2025,NSE,
HDFSIL,HDFC SILVER ETF,INF179KC1DI2,Buy,425,73.38,29.66,0.90,5.00,TT,STT Paid,icicidirect,19-Apr-2023,NSE,
IDFBAN,IDFC FIRST BANK LIMITED,INE092T01019,Buy,1298,59.50,501.66,2.39,15.00,Rolling,STT Paid,icicidirect,14-Jun-2021,NSE,
IDFBAN,IDFC FIRST BANK LIMITED,INE092T01019,Buy,402,59.50,155.37,0.74,0.00,Rolling,STT Paid,icicidirect,14-Jun-2021,NSE,
IDFBAN,IDFC FIRST BANK LIMITED,INE092T01019,Buy,1833,54.55,649.49,3.10,15.00,Rolling,STT Paid,icicidirect,30-Jun-2021,NSE,
IDFBAN,IDFC FIRST BANK LIMITED,INE092T01019,Buy,1900,51.00,629.42,3.00,15.00,Rolling,STT Paid,icicidirect,03-Aug-2021,NSE,
IDFBAN,IDFC FIRST BANK LIMITED,INE092T01019,Buy,1000,48.05,312.09,1.35,7.00,Rolling,STT Paid,icicidirect,11-Oct-2021,BSE,
IDFBAN,IDFC FIRST BANK LIMITED,INE092T01019,Buy,931,49.20,297.42,0.82,7.00,Rolling,STT Paid,icicidirect,13-Oct-2021,NSE,
IDFBAN,IDFC FIRST BANK LIMITED,INE092T01019,Buy,19,49.20,6.07,0.02,0.00,Rolling,STT Paid,icicidirect,13-Oct-2021,NSE,
IDFBAN,IDFC FIRST BANK LIMITED,INE092T01019,Buy,50,49.20,15.97,0.04,0.00,Rolling,STT Paid,icicidirect,13-Oct-2021,NSE,
IDFBAN,IDFC FIRST BANK LIMITED,INE092T01019,Buy,1621,30.15,40.58,1.15,15.01,Rolling,STT Paid,icicidirect,21-Jun-2022,NSE,
IDFBAN,IDFC FIRST BANK LIMITED,INE092T01019,Buy,172,30.15,4.31,0.12,0.00,Rolling,STT Paid,icicidirect,21-Jun-2022,NSE,
IDFBAN,IDFC FIRST BANK LIMITED,INE092T01019,Buy,26,30.15,0.65,0.02,0.00,Rolling,STT Paid,icicidirect,21-Jun-2022,NSE,
IDFBAN,IDFC FIRST BANK LIMITED,INE092T01019,Buy,15,30.15,0.38,0.01,0.00,Rolling,STT Paid,icicidirect,21-Jun-2022,NSE,
IDFBAN,IDFC FIRST BANK LIMITED,INE092T01019,Buy,561,30.15,14.04,0.40,0.00,Rolling,STT Paid,icicidirect,21-Jun-2022,NSE,
IDFBAN,IDFC FIRST BANK LIMITED,INE092T01019,Buy,900,30.15,22.53,0.64,0.00,Rolling,STT Paid,icicidirect,21-Jun-2022,NSE,
IDFBAN,IDFC FIRST BANK LIMITED,INE092T01019,Buy,25,30.15,0.63,0.02,0.00,Rolling,STT Paid,icicidirect,21-Jun-2022,NSE,
JIOFIN,JIO FINANCIAL SERVICES LIMITED,INE758E01017,Buy,450,222.00,83.02,2.80,15.00,TT,STT Paid,icicidirect,25-Aug-2023,BSE,
LANCON,LANCER CONTAINER LINES LIMITED,INE359U01028,Buy,384,16.90,5.39,0.19,0.00,TT,STT Paid,icicidirect,24-Mar-2025,BSE,
LANCON,LANCER CONTAINER LINES LIMITED,INE359U01028,Buy,2616,16.90,36.74,1.26,8.00,TT,STT Paid,icicidirect,24-Mar-2025,BSE,
PRAHOM,PRAXIS HOME RETAIL LIMITED,INE546Y01022,Buy,30,19.95,0.50,0.02,0.00,TT,STT Paid,icicidirect,23-Dec-2024,NSE,
PRAHOM,PRAXIS HOME RETAIL LIMITED,INE546Y01022,Buy,944,19.95,15.66,0.60,0.00,TT,STT Paid,icicidirect,23-Dec-2024,NSE,
PRAHOM,PRAXIS HOME RETAIL LIMITED,INE546Y01022,Buy,944,19.95,15.66,0.60,0.00,TT,STT Paid,icicidirect,23-Dec-2024,NSE,
PRAHOM,PRAXIS HOME RETAIL LIMITED,INE546Y01022,Buy,30,19.95,0.50,0.02,0.00,TT,STT Paid,icicidirect,23-Dec-2024,NSE,
PRAHOM,PRAXIS HOME RETAIL LIMITED,INE546Y01022,Buy,30,19.95,0.50,0.02,0.00,TT,STT Paid,icicidirect,23-Dec-2024,NSE,
PRAHOM,PRAXIS HOME RETAIL LIMITED,INE546Y01022,Buy,30,19.95,0.50,0.02,0.00,TT,STT Paid,icicidirect,23-Dec-2024,NSE,
PRAHOM,PRAXIS HOME RETAIL LIMITED,INE546Y01022,Buy,30,19.95,0.50,0.02,0.00,TT,STT Paid,icicidirect,23-Dec-2024,NSE,
PRAHOM,PRAXIS HOME RETAIL LIMITED,INE546Y01022,Buy,944,19.95,15.66,0.60,15.00,TT,STT Paid,icicidirect,23-Dec-2024,NSE,
PRAHOM,PRAXIS HOME RETAIL LIMITED,INE546Y01022,Buy,100,19.95,1.66,0.06,0.00,TT,STT Paid,icicidirect,23-Dec-2024,NSE,
PRAHOM,PRAXIS HOME RETAIL LIMITED,INE546Y01022,Buy,944,19.95,15.66,0.60,0.00,TT,STT Paid,icicidirect,23-Dec-2024,NSE,
PRAHOM,PRAXIS HOME RETAIL LIMITED,INE546Y01022,Buy,944,19.95,15.66,0.60,0.00,TT,STT Paid,icicidirect,23-Dec-2024,NSE,
PRAHOM,PRAXIS HOME RETAIL LIMITED,INE546Y01022,Buy,30,19.95,0.50,0.02,0.00,TT,STT Paid,icicidirect,23-Dec-2024,NSE,
SBINIF,SBI-ETF NIFTY 50,INF200KA1FS1,Buy,226,111.20,163.20,0.55,3.00,Rolling,STT Not Paid,icicidirect,04-Sep-2019,NSE,
SBINIF,SBI-ETF NIFTY 50,INF200KA1FS1,Buy,585,170.60,648.23,2.89,14.97,Rolling,STT Paid,icicidirect,25-Feb-2022,NSE,
SBINIF,SBI-ETF NIFTY 50,INF200KA1FS1,Buy,625,160.25,83.23,2.80,15.02,Rolling,STT Paid,icicidirect,21-Jun-2022,BSE,
SBIS50,SBI  ETF SENSEX NEXT 50,INF200KA1VQ2,Buy,126,299.16,244.83,1.06,0.00,Rolling,STT Paid,icicidirect,06-Aug-2019,BSE,
SBIS50,SBI  ETF SENSEX NEXT 50,INF200KA1VQ2,Buy,224,298.91,434.88,1.87,0.00,Rolling,STT Paid,icicidirect,06-Aug-2019,BSE,
SBIS50,SBI  ETF SENSEX NEXT 50,INF200KA1VQ2,Buy,508,400.00,1319.79,5.69,30.00,Rolling,STT Paid,icicidirect,13-Apr-2021,BSE,
SBIS50,SBI  ETF SENSEX NEXT 50,INF200KA1VQ2,Buy,198,474.00,609.57,2.63,15.00,Rolling,STT Paid,icicidirect,28-Feb-2022,BSE,
SBIS50,SBI  ETF SENSEX NEXT 50,INF200KA1VQ2,Buy,13,474.00,40.02,0.17,0.00,Rolling,STT Paid,icicidirect,28-Feb-2022,BSE,
SBIS50,SBI  ETF SENSEX NEXT 50,INF200KA1VQ2,Buy,218,458.00,82.97,2.80,15.01,Rolling,STT Paid,icicidirect,08-Mar-2022,BSE,
SBIS50,SBI  ETF SENSEX NEXT 50,INF200KA1VQ2,Buy,1,458.00,0.38,0.01,0.00,Rolling,STT Paid,icicidirect,08-Mar-2022,BSE,
SBIS50,SBI  ETF SENSEX NEXT 50,INF200KA1VQ2,Buy,1,457.00,0.38,0.01,0.00,Rolling,STT Paid,icicidirect,08-Mar-2022,BSE,
SBISEN,SBI MUTUAL FUND SBI SENSEX ETF,INF200K01VT2,Buy,350,390.37,887.41,3.83,25.00,Rolling,STT Paid,icicidirect,06-Aug-2019,BSE,
SBISEN,SBI MUTUAL FUND SBI SENSEX ETF,INF200K01VT2,Buy,64,387.75,161.18,0.69,3.00,Rolling,STT Paid,icicidirect,04-Sep-2019,BSE,
SBISEN,SBI MUTUAL FUND SBI SENSEX ETF,INF200K01VT2,Buy,90,593.98,347.21,1.50,15.53,Rolling,STT Paid,icicidirect,25-Feb-2022,BSE,
SBISEN,SBI MUTUAL FUND SBI SENSEX ETF,INF200K01VT2,Buy,79,593.99,304.78,1.31,0.00,Rolling,STT Paid,icicidirect,25-Feb-2022,BSE,
SBISEN,SBI MUTUAL FUND SBI SENSEX ETF,INF200K01VT2,Buy,171,586.90,651.84,2.81,15.00,Rolling,STT Paid,icicidirect,28-Feb-2022,BSE,
SBISEN,SBI MUTUAL FUND SBI SENSEX ETF,INF200K01VT2,Buy,178,561.33,83.03,2.80,14.99,Rolling,STT Paid,icicidirect,08-Mar-2022,BSE,
SBISEN,SBI MUTUAL FUND SBI SENSEX ETF,INF200K01VT2,Buy,106,556.88,49.06,1.65,14.97,Rolling,STT Paid,icicidirect,21-Jun-2022,BSE,
SBISEN,SBI MUTUAL FUND SBI SENSEX ETF,INF200K01VT2,Buy,74,556.88,34.25,1.15,0.00,Rolling,STT Paid,icicidirect,21-Jun-2022,BSE,
SBISEN,SBI MUTUAL FUND SBI SENSEX ETF,INF200K01VT2,Buy,250,832.74,173.40,8.02,31.00,TT,STT Paid,icicidirect,20-Mar-2026,BSE,
SCHA,S CHAND AND COMPANY LIMITED,INE807K01035,Buy,4,232.71,0.77,0.03,0.00,TT,STT Paid,icicidirect,04-Sep-2024,NSE,
SCHA,S CHAND AND COMPANY LIMITED,INE807K01035,Buy,4,232.41,0.77,0.03,0.00,TT,STT Paid,icicidirect,04-Sep-2024,NSE,
SCHA,S CHAND AND COMPANY LIMITED,INE807K01035,Buy,4,232.40,0.77,0.03,0.00,TT,STT Paid,icicidirect,04-Sep-2024,NSE,
SCHA,S CHAND AND COMPANY LIMITED,INE807K01035,Buy,1,232.53,0.19,0.01,0.00,TT,STT Paid,icicidirect,04-Sep-2024,NSE,
SCHA,S CHAND AND COMPANY LIMITED,INE807K01035,Buy,2,232.90,0.39,0.02,0.00,TT,STT Paid,icicidirect,04-Sep-2024,NSE,
SCHA,S CHAND AND COMPANY LIMITED,INE807K01035,Buy,58,232.91,11.24,0.46,0.00,TT,STT Paid,icicidirect,04-Sep-2024,NSE,
SCHA,S CHAND AND COMPANY LIMITED,INE807K01035,Buy,16,232.47,3.10,0.13,0.00,TT,STT Paid,icicidirect,04-Sep-2024,NSE,
SCHA,S CHAND AND COMPANY LIMITED,INE807K01035,Buy,3,232.59,0.58,0.02,0.00,TT,STT Paid,icicidirect,04-Sep-2024,NSE,
SCHA,S CHAND AND COMPANY LIMITED,INE807K01035,Buy,9,232.65,1.74,0.07,0.00,TT,STT Paid,icicidirect,04-Sep-2024,NSE,
SCHA,S CHAND AND COMPANY LIMITED,INE807K01035,Buy,34,232.84,6.59,0.27,0.00,TT,STT Paid,icicidirect,04-Sep-2024,NSE,
SCHA,S CHAND AND COMPANY LIMITED,INE807K01035,Buy,10,232.36,1.93,0.08,0.00,TT,STT Paid,icicidirect,04-Sep-2024,NSE,
SCHA,S CHAND AND COMPANY LIMITED,INE807K01035,Buy,8,232.39,1.55,0.06,0.00,TT,STT Paid,icicidirect,04-Sep-2024,NSE,
SCHA,S CHAND AND COMPANY LIMITED,INE807K01035,Buy,6,232.76,1.16,0.05,0.00,TT,STT Paid,icicidirect,04-Sep-2024,NSE,
SCHA,S CHAND AND COMPANY LIMITED,INE807K01035,Buy,9,232.48,1.74,0.07,0.00,TT,STT Paid,icicidirect,04-Sep-2024,NSE,
SCHA,S CHAND AND COMPANY LIMITED,INE807K01035,Buy,20,232.59,3.87,0.16,0.00,TT,STT Paid,icicidirect,04-Sep-2024,NSE,
SCHA,S CHAND AND COMPANY LIMITED,INE807K01035,Buy,2,232.58,0.39,0.02,0.00,TT,STT Paid,icicidirect,04-Sep-2024,NSE,
SCHA,S CHAND AND COMPANY LIMITED,INE807K01035,Buy,1,232.39,0.19,0.01,0.00,TT,STT Paid,icicidirect,04-Sep-2024,NSE,
SCHA,S CHAND AND COMPANY LIMITED,INE807K01035,Buy,2,232.58,0.39,0.02,0.00,TT,STT Paid,icicidirect,04-Sep-2024,NSE,
SCHA,S CHAND AND COMPANY LIMITED,INE807K01035,Buy,1,232.90,0.19,0.01,0.00,TT,STT Paid,icicidirect,04-Sep-2024,NSE,
SCHA,S CHAND AND COMPANY LIMITED,INE807K01035,Buy,1,232.53,0.19,0.01,0.00,TT,STT Paid,icicidirect,04-Sep-2024,NSE,
SCHA,S CHAND AND COMPANY LIMITED,INE807K01035,Buy,2,232.90,0.39,0.02,0.00,TT,STT Paid,icicidirect,04-Sep-2024,NSE,
SCHA,S CHAND AND COMPANY LIMITED,INE807K01035,Buy,2,232.26,0.39,0.02,0.00,TT,STT Paid,icicidirect,04-Sep-2024,NSE,
SCHA,S CHAND AND COMPANY LIMITED,INE807K01035,Buy,3,232.59,0.58,0.02,0.00,TT,STT Paid,icicidirect,04-Sep-2024,NSE,
SCHA,S CHAND AND COMPANY LIMITED,INE807K01035,Buy,1,232.31,0.19,0.01,0.00,TT,STT Paid,icicidirect,04-Sep-2024,NSE,
SCHA,S CHAND AND COMPANY LIMITED,INE807K01035,Buy,1,232.53,0.19,0.01,0.00,TT,STT Paid,icicidirect,04-Sep-2024,NSE,
SCHA,S CHAND AND COMPANY LIMITED,INE807K01035,Buy,3,232.90,0.58,0.02,0.00,TT,STT Paid,icicidirect,04-Sep-2024,NSE,
SCHA,S CHAND AND COMPANY LIMITED,INE807K01035,Buy,5,232.37,0.97,0.04,0.00,TT,STT Paid,icicidirect,04-Sep-2024,NSE,
SCHA,S CHAND AND COMPANY LIMITED,INE807K01035,Buy,1,232.39,0.19,0.01,0.00,TT,STT Paid,icicidirect,04-Sep-2024,NSE,
SCHA,S CHAND AND COMPANY LIMITED,INE807K01035,Buy,13,232.38,2.51,0.10,0.00,TT,STT Paid,icicidirect,04-Sep-2024,NSE,
SCHA,S CHAND AND COMPANY LIMITED,INE807K01035,Buy,2,232.53,0.39,0.02,0.00,TT,STT Paid,icicidirect,04-Sep-2024,NSE,
SCHA,S CHAND AND COMPANY LIMITED,INE807K01035,Buy,15,232.58,2.90,0.12,0.00,TT,STT Paid,icicidirect,04-Sep-2024,NSE,
SCHA,S CHAND AND COMPANY LIMITED,INE807K01035,Buy,3,232.90,0.58,0.02,0.00,TT,STT Paid,icicidirect,04-Sep-2024,NSE,
SCHA,S CHAND AND COMPANY LIMITED,INE807K01035,Buy,15,232.58,2.90,0.12,0.00,TT,STT Paid,icicidirect,04-Sep-2024,NSE,
SCHA,S CHAND AND COMPANY LIMITED,INE807K01035,Buy,20,232.59,3.87,0.16,0.00,TT,STT Paid,icicidirect,04-Sep-2024,NSE,
SCHA,S CHAND AND COMPANY LIMITED,INE807K01035,Buy,14,232.22,2.71,0.11,0.00,TT,STT Paid,icicidirect,04-Sep-2024,NSE,
SCHA,S CHAND AND COMPANY LIMITED,INE807K01035,Buy,20,232.59,3.87,0.16,0.00,TT,STT Paid,icicidirect,04-Sep-2024,NSE,
SCHA,S CHAND AND COMPANY LIMITED,INE807K01035,Buy,2,232.90,0.39,0.02,0.00,TT,STT Paid,icicidirect,04-Sep-2024,NSE,
SCHA,S CHAND AND COMPANY LIMITED,INE807K01035,Buy,1,232.64,0.19,0.01,0.00,TT,STT Paid,icicidirect,04-Sep-2024,NSE,
SCHA,S CHAND AND COMPANY LIMITED,INE807K01035,Buy,1,232.53,0.19,0.01,0.00,TT,STT Paid,icicidirect,04-Sep-2024,NSE,
SCHA,S CHAND AND COMPANY LIMITED,INE807K01035,Buy,1,232.59,0.19,0.01,0.00,TT,STT Paid,icicidirect,04-Sep-2024,NSE,
SCHA,S CHAND AND COMPANY LIMITED,INE807K01035,Buy,4,232.45,0.77,0.03,0.00,TT,STT Paid,icicidirect,04-Sep-2024,NSE,
SCHA,S CHAND AND COMPANY LIMITED,INE807K01035,Buy,2,232.53,0.39,0.02,0.00,TT,STT Paid,icicidirect,04-Sep-2024,NSE,
SCHA,S CHAND AND COMPANY LIMITED,INE807K01035,Buy,9,232.54,1.74,0.07,0.00,TT,STT Paid,icicidirect,04-Sep-2024,NSE,
SCHA,S CHAND AND COMPANY LIMITED,INE807K01035,Buy,4,232.89,0.78,0.03,0.00,TT,STT Paid,icicidirect,04-Sep-2024,NSE,
SCHA,S CHAND AND COMPANY LIMITED,INE807K01035,Buy,1,232.43,0.19,0.01,0.00,TT,STT Paid,icicidirect,04-Sep-2024,NSE,
SCHA,S CHAND AND COMPANY LIMITED,INE807K01035,Buy,1,232.45,0.19,0.01,0.00,TT,STT Paid,icicidirect,04-Sep-2024,NSE,
SCHA,S CHAND AND COMPANY LIMITED,INE807K01035,Buy,2,232.53,0.39,0.02,0.00,TT,STT Paid,icicidirect,04-Sep-2024,NSE,
SCHA,S CHAND AND COMPANY LIMITED,INE807K01035,Buy,3,232.90,0.58,0.02,0.00,TT,STT Paid,icicidirect,04-Sep-2024,NSE,
SCHA,S CHAND AND COMPANY LIMITED,INE807K01035,Buy,17,232.90,3.29,0.14,0.00,TT,STT Paid,icicidirect,04-Sep-2024,NSE,
SCHA,S CHAND AND COMPANY LIMITED,INE807K01035,Buy,22,232.60,4.26,0.18,0.00,TT,STT Paid,icicidirect,04-Sep-2024,NSE,
SCHA,S CHAND AND COMPANY LIMITED,INE807K01035,Buy,92,232.79,17.82,0.73,0.00,TT,STT Paid,icicidirect,04-Sep-2024,NSE,
SCHA,S CHAND AND COMPANY LIMITED,INE807K01035,Buy,3,232.59,0.58,0.02,0.00,TT,STT Paid,icicidirect,04-Sep-2024,NSE,
SCHA,S CHAND AND COMPANY LIMITED,INE807K01035,Buy,3,232.46,0.58,0.02,0.00,TT,STT Paid,icicidirect,04-Sep-2024,NSE,
SCHA,S CHAND AND COMPANY LIMITED,INE807K01035,Buy,1,232.27,0.19,0.01,0.00,TT,STT Paid,icicidirect,04-Sep-2024,NSE,
SCHA,S CHAND AND COMPANY LIMITED,INE807K01035,Buy,3,232.53,0.58,0.02,0.00,TT,STT Paid,icicidirect,04-Sep-2024,NSE,
SCHA,S CHAND AND COMPANY LIMITED,INE807K01035,Buy,28,232.72,5.42,0.22,0.00,TT,STT Paid,icicidirect,04-Sep-2024,NSE,
SCHA,S CHAND AND COMPANY LIMITED,INE807K01035,Buy,47,232.58,9.10,0.37,0.00,TT,STT Paid,icicidirect,04-Sep-2024,NSE,
SCHA,S CHAND AND COMPANY LIMITED,INE807K01035,Buy,9,232.74,1.74,0.07,0.00,TT,STT Paid,icicidirect,04-Sep-2024,NSE,
SCHA,S CHAND AND COMPANY LIMITED,INE807K01035,Buy,3,232.59,0.58,0.02,0.00,TT,STT Paid,icicidirect,04-Sep-2024,NSE,
SCHA,S CHAND AND COMPANY LIMITED,INE807K01035,Buy,15,232.58,2.90,0.12,0.00,TT,STT Paid,icicidirect,04-Sep-2024,NSE,
SCHA,S CHAND AND COMPANY LIMITED,INE807K01035,Buy,2,232.53,0.39,0.02,0.00,TT,STT Paid,icicidirect,04-Sep-2024,NSE,
SCHA,S CHAND AND COMPANY LIMITED,INE807K01035,Buy,2,232.90,0.39,0.02,0.00,TT,STT Paid,icicidirect,04-Sep-2024,NSE,
SCHA,S CHAND AND COMPANY LIMITED,INE807K01035,Buy,20,232.60,3.87,0.16,0.00,TT,STT Paid,icicidirect,04-Sep-2024,NSE,
SCHA,S CHAND AND COMPANY LIMITED,INE807K01035,Buy,20,232.59,3.87,0.16,0.00,TT,STT Paid,icicidirect,04-Sep-2024,NSE,
SCHA,S CHAND AND COMPANY LIMITED,INE807K01035,Buy,20,232.59,3.87,0.16,0.00,TT,STT Paid,icicidirect,04-Sep-2024,NSE,
SCHA,S CHAND AND COMPANY LIMITED,INE807K01035,Buy,4,232.59,0.77,0.03,0.00,TT,STT Paid,icicidirect,04-Sep-2024,NSE,
SCHA,S CHAND AND COMPANY LIMITED,INE807K01035,Buy,111,232.78,21.50,0.88,29.66,TT,STT Paid,icicidirect,04-Sep-2024,NSE,
SCHA,S CHAND AND COMPANY LIMITED,INE807K01035,Buy,1,232.79,0.19,0.01,0.00,TT,STT Paid,icicidirect,04-Sep-2024,NSE,
SCHA,S CHAND AND COMPANY LIMITED,INE807K01035,Buy,1,232.59,0.19,0.01,0.00,TT,STT Paid,icicidirect,04-Sep-2024,NSE,
SCHA,S CHAND AND COMPANY LIMITED,INE807K01035,Buy,18,232.21,3.48,0.14,0.00,TT,STT Paid,icicidirect,04-Sep-2024,NSE,
SCHA,S CHAND AND COMPANY LIMITED,INE807K01035,Buy,1,232.51,0.19,0.01,0.00,TT,STT Paid,icicidirect,04-Sep-2024,NSE,
SCHA,S CHAND AND COMPANY LIMITED,INE807K01035,Buy,5,232.59,0.97,0.04,0.00,TT,STT Paid,icicidirect,04-Sep-2024,NSE,
SCHA,S CHAND AND COMPANY LIMITED,INE807K01035,Buy,1,232.55,0.19,0.01,0.00,TT,STT Paid,icicidirect,04-Sep-2024,NSE,
SCHA,S CHAND AND COMPANY LIMITED,INE807K01035,Buy,2,232.58,0.39,0.02,0.00,TT,STT Paid,icicidirect,04-Sep-2024,NSE,
SCHA,S CHAND AND COMPANY LIMITED,INE807K01035,Buy,3,232.59,0.58,0.02,0.00,TT,STT Paid,icicidirect,04-Sep-2024,NSE,
SCHA,S CHAND AND COMPANY LIMITED,INE807K01035,Buy,1,232.53,0.19,0.01,0.00,TT,STT Paid,icicidirect,04-Sep-2024,NSE,
SCHA,S CHAND AND COMPANY LIMITED,INE807K01035,Buy,2,232.58,0.39,0.02,0.00,TT,STT Paid,icicidirect,04-Sep-2024,NSE,
SCHA,S CHAND AND COMPANY LIMITED,INE807K01035,Buy,15,232.58,2.90,0.12,0.00,TT,STT Paid,icicidirect,04-Sep-2024,NSE,
SCHA,S CHAND AND COMPANY LIMITED,INE807K01035,Buy,15,232.79,2.91,0.12,0.00,TT,STT Paid,icicidirect,04-Sep-2024,NSE,
SCHA,S CHAND AND COMPANY LIMITED,INE807K01035,Buy,1,232.53,0.19,0.01,0.00,TT,STT Paid,icicidirect,04-Sep-2024,NSE,
SCHA,S CHAND AND COMPANY LIMITED,INE807K01035,Buy,3,232.90,0.58,0.02,0.00,TT,STT Paid,icicidirect,04-Sep-2024,NSE,
SCHA,S CHAND AND COMPANY LIMITED,INE807K01035,Buy,1,232.58,0.19,0.01,0.00,TT,STT Paid,icicidirect,04-Sep-2024,NSE,
SCHA,S CHAND AND COMPANY LIMITED,INE807K01035,Buy,3,232.59,0.58,0.02,0.00,TT,STT Paid,icicidirect,04-Sep-2024,NSE,
SCHA,S CHAND AND COMPANY LIMITED,INE807K01035,Buy,9,232.80,1.74,0.07,0.00,TT,STT Paid,icicidirect,04-Sep-2024,NSE,
SHEFOA,SHEELA FOAM LIMITED,INE916U01025,Buy,6,926.95,4.63,0.19,0.00,TT,STT Paid,icicidirect,04-Sep-2024,NSE,
SHEFOA,SHEELA FOAM LIMITED,INE916U01025,Buy,1,926.95,0.77,0.03,0.00,TT,STT Paid,icicidirect,04-Sep-2024,NSE,
SHEFOA,SHEELA FOAM LIMITED,INE916U01025,Buy,2,926.95,1.54,0.06,0.00,TT,STT Paid,icicidirect,04-Sep-2024,NSE,
SHEFOA,SHEELA FOAM LIMITED,INE916U01025,Buy,9,926.80,6.94,0.29,0.00,TT,STT Paid,icicidirect,04-Sep-2024,NSE,
SHEFOA,SHEELA FOAM LIMITED,INE916U01025,Buy,9,926.85,6.94,0.29,0.00,TT,STT Paid,icicidirect,04-Sep-2024,NSE,
SHEFOA,SHEELA FOAM LIMITED,INE916U01025,Buy,6,926.90,4.63,0.19,0.00,TT,STT Paid,icicidirect,04-Sep-2024,NSE,
SHEFOA,SHEELA FOAM LIMITED,INE916U01025,Buy,1,926.75,0.77,0.03,0.00,TT,STT Paid,icicidirect,04-Sep-2024,NSE,
SHEFOA,SHEELA FOAM LIMITED,INE916U01025,Buy,3,926.75,2.31,0.10,0.00,TT,STT Paid,icicidirect,04-Sep-2024,NSE,
SHEFOA,SHEELA FOAM LIMITED,INE916U01025,Buy,1,926.95,0.77,0.03,0.00,TT,STT Paid,icicidirect,04-Sep-2024,NSE,
SHEFOA,SHEELA FOAM LIMITED,INE916U01025,Buy,5,926.65,3.86,0.16,0.00,TT,STT Paid,icicidirect,04-Sep-2024,NSE,
SHEFOA,SHEELA FOAM LIMITED,INE916U01025,Buy,16,926.85,12.34,0.51,0.00,TT,STT Paid,icicidirect,04-Sep-2024,NSE,
SHEFOA,SHEELA FOAM LIMITED,INE916U01025,Buy,6,926.85,4.63,0.19,0.00,TT,STT Paid,icicidirect,04-Sep-2024,NSE,
SHEFOA,SHEELA FOAM LIMITED,INE916U01025,Buy,56,926.45,43.17,1.77,30.22,TT,STT Paid,icicidirect,04-Sep-2024,NSE,
SHEFOA,SHEELA FOAM LIMITED,INE916U01025,Buy,9,926.75,6.94,0.29,0.00,TT,STT Paid,icicidirect,04-Sep-2024,NSE,
SHEFOA,SHEELA FOAM LIMITED,INE916U01025,Buy,1,926.95,0.77,0.03,0.00,TT,STT Paid,icicidirect,04-Sep-2024,NSE,
SHEFOA,SHEELA FOAM LIMITED,INE916U01025,Buy,7,926.60,5.40,0.22,0.00,TT,STT Paid,icicidirect,04-Sep-2024,NSE,
SHEFOA,SHEELA FOAM LIMITED,INE916U01025,Buy,1,926.75,0.77,0.03,0.00,TT,STT Paid,icicidirect,04-Sep-2024,NSE,
SHEFOA,SHEELA FOAM LIMITED,INE916U01025,Buy,9,926.95,6.94,0.29,0.00,TT,STT Paid,icicidirect,04-Sep-2024,NSE,
SHEFOA,SHEELA FOAM LIMITED,INE916U01025,Buy,6,926.80,4.63,0.19,0.00,TT,STT Paid,icicidirect,04-Sep-2024,NSE,
SHEFOA,SHEELA FOAM LIMITED,INE916U01025,Buy,4,927.00,3.09,0.13,0.00,TT,STT Paid,icicidirect,04-Sep-2024,NSE,
SHEFOA,SHEELA FOAM LIMITED,INE916U01025,Buy,4,926.65,3.08,0.13,0.00,TT,STT Paid,icicidirect,04-Sep-2024,NSE,
SHEFOA,SHEELA FOAM LIMITED,INE916U01025,Buy,5,926.95,3.86,0.16,0.00,TT,STT Paid,icicidirect,04-Sep-2024,NSE,
SHEFOA,SHEELA FOAM LIMITED,INE916U01025,Buy,27,926.95,20.83,0.86,0.00,TT,STT Paid,icicidirect,04-Sep-2024,NSE,
SHEFOA,SHEELA FOAM LIMITED,INE916U01025,Buy,6,926.75,4.63,0.19,0.00,TT,STT Paid,icicidirect,04-Sep-2024,NSE,
SHEFOA,SHEELA FOAM LIMITED,INE916U01025,Buy,5,926.95,3.86,0.16,0.00,TT,STT Paid,icicidirect,04-Sep-2024,NSE,
SHEFOA,SHEELA FOAM LIMITED,INE916U01025,Buy,1,926.95,0.77,0.03,0.00,TT,STT Paid,icicidirect,04-Sep-2024,NSE,
SHEFOA,SHEELA FOAM LIMITED,INE916U01025,Buy,9,926.70,6.94,0.29,0.00,TT,STT Paid,icicidirect,04-Sep-2024,NSE,
VAIGLO,VAIBHAV GLOBAL LIMITED,INE884A01027,Buy,7,221.99,1.29,0.05,0.00,TT,STT Paid,icicidirect,05-Aug-2025,NSE,
VAIGLO,VAIBHAV GLOBAL LIMITED,INE884A01027,Buy,40,221.98,7.38,0.28,0.00,TT,STT Paid,icicidirect,05-Aug-2025,NSE,
VAIGLO,VAIBHAV GLOBAL LIMITED,INE884A01027,Buy,1,221.99,0.18,0.01,0.00,TT,STT Paid,icicidirect,05-Aug-2025,NSE,
VAIGLO,VAIBHAV GLOBAL LIMITED,INE884A01027,Buy,2,221.99,0.37,0.01,0.00,TT,STT Paid,icicidirect,05-Aug-2025,NSE,
VAIGLO,VAIBHAV GLOBAL LIMITED,INE884A01027,Buy,2,221.99,0.37,0.01,0.00,TT,STT Paid,icicidirect,05-Aug-2025,NSE,
VAIGLO,VAIBHAV GLOBAL LIMITED,INE884A01027,Buy,10,221.99,1.85,0.07,0.00,TT,STT Paid,icicidirect,05-Aug-2025,NSE,
VAIGLO,VAIBHAV GLOBAL LIMITED,INE884A01027,Buy,5,221.99,0.92,0.04,0.00,TT,STT Paid,icicidirect,05-Aug-2025,NSE,
VAIGLO,VAIBHAV GLOBAL LIMITED,INE884A01027,Buy,2,221.99,0.37,0.01,0.00,TT,STT Paid,icicidirect,05-Aug-2025,NSE,
VAIGLO,VAIBHAV GLOBAL LIMITED,INE884A01027,Buy,2,221.99,0.37,0.01,0.00,TT,STT Paid,icicidirect,05-Aug-2025,NSE,
VAIGLO,VAIBHAV GLOBAL LIMITED,INE884A01027,Buy,5,221.99,0.92,0.04,0.00,TT,STT Paid,icicidirect,05-Aug-2025,NSE,
VAIGLO,VAIBHAV GLOBAL LIMITED,INE884A01027,Buy,2,221.99,0.37,0.01,0.00,TT,STT Paid,icicidirect,05-Aug-2025,NSE,
VAIGLO,VAIBHAV GLOBAL LIMITED,INE884A01027,Buy,1497,222.00,276.40,10.54,112.00,TT,STT Paid,icicidirect,05-Aug-2025,NSE,
VAIGLO,VAIBHAV GLOBAL LIMITED,INE884A01027,Buy,7,221.98,1.29,0.05,0.00,TT,STT Paid,icicidirect,05-Aug-2025,NSE,
VAIGLO,VAIBHAV GLOBAL LIMITED,INE884A01027,Buy,5,221.99,0.92,0.04,0.00,TT,STT Paid,icicidirect,05-Aug-2025,NSE,
VAIGLO,VAIBHAV GLOBAL LIMITED,INE884A01027,Buy,5,221.99,0.92,0.04,0.00,TT,STT Paid,icicidirect,05-Aug-2025,NSE,
VAIGLO,VAIBHAV GLOBAL LIMITED,INE884A01027,Buy,2,221.99,0.37,0.01,0.00,TT,STT Paid,icicidirect,05-Aug-2025,NSE,
VAIGLO,VAIBHAV GLOBAL LIMITED,INE884A01027,Buy,10,221.99,1.85,0.07,0.00,TT,STT Paid,icicidirect,05-Aug-2025,NSE,
VAIGLO,VAIBHAV GLOBAL LIMITED,INE884A01027,Buy,8,221.97,1.48,0.06,0.00,TT,STT Paid,icicidirect,05-Aug-2025,NSE,
VAIGLO,VAIBHAV GLOBAL LIMITED,INE884A01027,Buy,13,221.99,2.40,0.09,0.00,TT,STT Paid,icicidirect,05-Aug-2025,NSE,
VAIGLO,VAIBHAV GLOBAL LIMITED,INE884A01027,Buy,10,221.99,1.85,0.07,0.00,TT,STT Paid,icicidirect,05-Aug-2025,NSE,
VAIGLO,VAIBHAV GLOBAL LIMITED,INE884A01027,Buy,2,221.99,0.37,0.01,0.00,TT,STT Paid,icicidirect,05-Aug-2025,NSE,
VAIGLO,VAIBHAV GLOBAL LIMITED,INE884A01027,Buy,1,221.99,0.18,0.01,0.00,TT,STT Paid,icicidirect,05-Aug-2025,NSE,
VAIGLO,VAIBHAV GLOBAL LIMITED,INE884A01027,Buy,8,221.98,1.48,0.06,0.00,TT,STT Paid,icicidirect,05-Aug-2025,NSE,
VAIGLO,VAIBHAV GLOBAL LIMITED,INE884A01027,Buy,2,221.99,0.37,0.01,0.00,TT,STT Paid,icicidirect,05-Aug-2025,NSE,
VAIGLO,VAIBHAV GLOBAL LIMITED,INE884A01027,Buy,5,221.99,0.92,0.04,0.00,TT,STT Paid,icicidirect,05-Aug-2025,NSE,
VAIGLO,VAIBHAV GLOBAL LIMITED,INE884A01027,Buy,20,221.99,3.69,0.14,0.00,TT,STT Paid,icicidirect,05-Aug-2025,NSE,
VAIGLO,VAIBHAV GLOBAL LIMITED,INE884A01027,Buy,2,221.99,0.37,0.01,0.00,TT,STT Paid,icicidirect,05-Aug-2025,NSE,
VAIGLO,VAIBHAV GLOBAL LIMITED,INE884A01027,Buy,5,221.99,0.92,0.04,0.00,TT,STT Paid,icicidirect,05-Aug-2025,NSE,
VAIGLO,VAIBHAV GLOBAL LIMITED,INE884A01027,Buy,4,221.74,0.74,0.03,0.00,TT,STT Paid,icicidirect,05-Aug-2025,NSE,
VAIGLO,VAIBHAV GLOBAL LIMITED,INE884A01027,Buy,84,222.00,15.51,0.59,0.00,TT,STT Paid,icicidirect,05-Aug-2025,NSE,
VAIGLO,VAIBHAV GLOBAL LIMITED,INE884A01027,Buy,3,221.91,0.55,0.02,0.00,TT,STT Paid,icicidirect,05-Aug-2025,NSE,
VAIGLO,VAIBHAV GLOBAL LIMITED,INE884A01027,Buy,9,221.84,1.66,0.06,0.00,TT,STT Paid,icicidirect,05-Aug-2025,NSE,
VAIGLO,VAIBHAV GLOBAL LIMITED,INE884A01027,Buy,3,221.91,0.55,0.02,0.00,TT,STT Paid,icicidirect,05-Aug-2025,NSE,
VAIGLO,VAIBHAV GLOBAL LIMITED,INE884A01027,Buy,3,221.77,0.55,0.02,0.00,TT,STT Paid,icicidirect,05-Aug-2025,NSE,
VAIGLO,VAIBHAV GLOBAL LIMITED,INE884A01027,Buy,9,221.78,1.66,0.06,0.00,TT,STT Paid,icicidirect,05-Aug-2025,NSE,
VAIGLO,VAIBHAV GLOBAL LIMITED,INE884A01027,Buy,9,221.85,1.66,0.06,0.00,TT,STT Paid,icicidirect,05-Aug-2025,NSE,
VAIGLO,VAIBHAV GLOBAL LIMITED,INE884A01027,Buy,58,221.84,10.70,0.41,0.00,TT,STT Paid,icicidirect,05-Aug-2025,NSE,
VAIGLO,VAIBHAV GLOBAL LIMITED,INE884A01027,Buy,89,221.98,16.43,0.63,0.00,TT,STT Paid,icicidirect,05-Aug-2025,NSE,
VAIGLO,VAIBHAV GLOBAL LIMITED,INE884A01027,Buy,9,221.88,1.66,0.06,0.00,TT,STT Paid,icicidirect,05-Aug-2025,NSE,
VAIGLO,VAIBHAV GLOBAL LIMITED,INE884A01027,Buy,7,221.77,1.29,0.05,0.00,TT,STT Paid,icicidirect,05-Aug-2025,NSE,
VAIGLO,VAIBHAV GLOBAL LIMITED,INE884A01027,Buy,8,221.91,1.48,0.06,0.00,TT,STT Paid,icicidirect,05-Aug-2025,NSE,
VAIGLO,VAIBHAV GLOBAL LIMITED,INE884A01027,Buy,8,221.91,1.48,0.06,0.00,TT,STT Paid,icicidirect,05-Aug-2025,NSE,
VAIGLO,VAIBHAV GLOBAL LIMITED,INE884A01027,Buy,30,221.91,5.54,0.21,0.00,TT,STT Paid,icicidirect,05-Aug-2025,NSE,
VAIGLO,VAIBHAV GLOBAL LIMITED,INE884A01027,Buy,3,221.91,0.55,0.02,0.00,TT,STT Paid,icicidirect,05-Aug-2025,NSE,
VAIGLO,VAIBHAV GLOBAL LIMITED,INE884A01027,Buy,53,221.78,9.78,0.37,0.00,TT,STT Paid,icicidirect,05-Aug-2025,NSE,
VAIGLO,VAIBHAV GLOBAL LIMITED,INE884A01027,Buy,9,221.72,1.66,0.06,0.00,TT,STT Paid,icicidirect,05-Aug-2025,NSE,
VAIGLO,VAIBHAV GLOBAL LIMITED,INE884A01027,Buy,7,221.77,1.29,0.05,0.00,TT,STT Paid,icicidirect,05-Aug-2025,NSE,
VAIGLO,VAIBHAV GLOBAL LIMITED,INE884A01027,Buy,53,221.91,9.78,0.37,0.00,TT,STT Paid,icicidirect,05-Aug-2025,NSE,
VAIGLO,VAIBHAV GLOBAL LIMITED,INE884A01027,Buy,37,222.00,6.83,0.26,0.00,TT,STT Paid,icicidirect,05-Aug-2025,NSE,
VAIGLO,VAIBHAV GLOBAL LIMITED,INE884A01027,Buy,9,221.81,1.66,0.06,0.00,TT,STT Paid,icicidirect,05-Aug-2025,NSE,
VAIGLO,VAIBHAV GLOBAL LIMITED,INE884A01027,Buy,858,222.00,158.42,6.04,0.00,TT,STT Paid,icicidirect,05-Aug-2025,NSE,
VAIGLO,VAIBHAV GLOBAL LIMITED,INE884A01027,Buy,20,221.84,3.69,0.14,0.00,TT,STT Paid,icicidirect,05-Aug-2025,NSE,
VAIGLO,VAIBHAV GLOBAL LIMITED,INE884A01027,Buy,8,221.81,1.48,0.06,0.00,TT,STT Paid,icicidirect,05-Aug-2025,NSE,
VAIGLO,VAIBHAV GLOBAL LIMITED,INE884A01027,Buy,8,221.91,1.48,0.06,0.00,TT,STT Paid,icicidirect,05-Aug-2025,NSE,
VAIGLO,VAIBHAV GLOBAL LIMITED,INE884A01027,Buy,9,221.97,1.66,0.06,0.00,TT,STT Paid,icicidirect,05-Aug-2025,NSE,
VAIGLO,VAIBHAV GLOBAL LIMITED,INE884A01027,Buy,15,222.00,2.77,0.11,0.00,TT,STT Paid,icicidirect,05-Aug-2025,NSE,
VAIGLO,VAIBHAV GLOBAL LIMITED,INE884A01027,Buy,8,221.84,1.48,0.06,0.00,TT,STT Paid,icicidirect,05-Aug-2025,NSE,
VAIGLO,VAIBHAV GLOBAL LIMITED,INE884A01027,Buy,2,221.75,0.37,0.01,0.00,TT,STT Paid,icicidirect,05-Aug-2025,NSE,
VAIGLO,VAIBHAV GLOBAL LIMITED,INE884A01027,Buy,17,221.77,3.14,0.12,0.00,TT,STT Paid,icicidirect,05-Aug-2025,NSE,
VAIGLO,VAIBHAV GLOBAL LIMITED,INE884A01027,Buy,15,221.90,2.77,0.11,0.00,TT,STT Paid,icicidirect,05-Aug-2025,NSE,
VAIGLO,VAIBHAV GLOBAL LIMITED,INE884A01027,Buy,2,221.77,0.37,0.01,0.00,TT,STT Paid,icicidirect,05-Aug-2025,NSE,
VAIGLO,VAIBHAV GLOBAL LIMITED,INE884A01027,Buy,13,221.75,2.40,0.09,0.00,TT,STT Paid,icicidirect,05-Aug-2025,NSE,
VAIGLO,VAIBHAV GLOBAL LIMITED,INE884A01027,Buy,39,221.76,7.19,0.27,0.00,TT,STT Paid,icicidirect,05-Aug-2025,NSE,
VAIGLO,VAIBHAV GLOBAL LIMITED,INE884A01027,Buy,30,222.00,5.54,0.21,0.00,TT,STT Paid,icicidirect,05-Aug-2025,NSE,
VAIGLO,VAIBHAV GLOBAL LIMITED,INE884A01027,Buy,41,221.89,7.57,0.29,0.00,TT,STT Paid,icicidirect,05-Aug-2025,NSE,
VAIGLO,VAIBHAV GLOBAL LIMITED,INE884A01027,Buy,15,221.69,2.77,0.11,0.00,TT,STT Paid,icicidirect,05-Aug-2025,NSE,
VAIGLO,VAIBHAV GLOBAL LIMITED,INE884A01027,Buy,2,221.91,0.37,0.01,0.00,TT,STT Paid,icicidirect,05-Aug-2025,NSE,
VAIGLO,VAIBHAV GLOBAL LIMITED,INE884A01027,Buy,7,221.84,1.29,0.05,0.00,TT,STT Paid,icicidirect,05-Aug-2025,NSE,
VAIGLO,VAIBHAV GLOBAL LIMITED,INE884A01027,Buy,9,221.94,1.66,0.06,0.00,TT,STT Paid,icicidirect,05-Aug-2025,NSE,
VAIGLO,VAIBHAV GLOBAL LIMITED,INE884A01027,Buy,9,221.94,1.66,0.06,0.00,TT,STT Paid,icicidirect,05-Aug-2025,NSE,
VAIGLO,VAIBHAV GLOBAL LIMITED,INE884A01027,Buy,28,221.95,5.17,0.20,0.00,TT,STT Paid,icicidirect,05-Aug-2025,NSE,
VAIGLO,VAIBHAV GLOBAL LIMITED,INE884A01027,Buy,9,221.92,1.66,0.06,0.00,TT,STT Paid,icicidirect,05-Aug-2025,NSE,
VAIGLO,VAIBHAV GLOBAL LIMITED,INE884A01027,Buy,3,221.77,0.55,0.02,0.00,TT,STT Paid,icicidirect,05-Aug-2025,NSE,
VAIGLO,VAIBHAV GLOBAL LIMITED,INE884A01027,Buy,9,221.75,1.66,0.06,0.00,TT,STT Paid,icicidirect,05-Aug-2025,NSE,
